,STATE,DISTRICT,1993,1994,1995,1996,1997,1998,1999,2000,2001,2002,2003,2004,2005,2006,2007,2008,2009,2010,2011,2012,2013,2014,2015,2016,2017,2018,2019,2020,2021
0,ANDAMAN & NICOBAR,NORTH & MIDDLE ANDAMAN,-,-,-,-,-,-,-,-,-,-,-,-,-,-,-,-,-,-,-,1.31,2.46,2.07,2.7,2.46,1.01,0.9,1.57,-,-
1,ANDAMAN & NICOBAR,SOUTH ANDAMAN,-,-,-,-,-,-,-,-,-,-,-,-,-,-,-,-,-,-,-,2.04,3.51,2.56,3.44,2.4,1.29,1.88,2.25,-,-
2,ANDAMAN & NICOBAR,NICOBAR,-,-,-,-,-,-,-,-,-,-,-,-,-,-,-,-,-,-,-,3.99,4.86,4.16,5.43,4.56,2.93,4.4,3.91,-,-
3,ANDHRA PRADESH,KURNOOL,-,-,7.35,6.31,6.71,6.1,6.65,6.55,6.36,8.2,7.86,12.2,6.69,7.67,5.92,9.1,9.41,7.9,10.84,11.77,9.06,10.77,15.07,13.54,9.62,12.83,9.75,7.57,-
4,ANDHRA PRADESH,ANANTAPUR,-,-,11.51,7.81,9.24,8.05,9.51,8.91,8.52,11.84,12.06,17.62,12.06,15.5,11.65,10.96,12.48,10.44,13.87,17,17.53,22.48,18.89,25.53,16.73,22.76,18.97,11.63,-
5,ANDHRA PRADESH,SRIKAKULAM,-,-,6.29,6.84,7.37,7.14,6.06,6.39,6.33,7.45,5.85,7.32,6.26,6.38,5.5,7.31,6.63,5.32,6.89,6.07,5.84,6.27,6.35,7.45,5.87,5.38,4.9,6.54,-
6,ANDHRA PRADESH,VISAKHAPATNAM,-,-,5.96,6.24,6.96,6.85,6.68,6.4,5.69,7.79,5.44,7.21,5.65,5.88,5.48,9.13,8.38,6.21,8.97,8.06,7.99,8.18,8.38,9.04,7.35,8.43,8.4,8.6,-
7,ANDHRA PRADESH,SRI POTTI SRIRAMULU NELLORE,-,-,6.41,4.87,5.09,5.62,5.83,6.31,5.85,7.23,7.47,9.09,6.65,7.41,6.07,7.31,7.57,5.87,7.32,7.86,8.35,9.07,5.98,10.98,9.51,11.95,9.44,4.1,-
8,ANDHRA PRADESH,PRAKASAM,-,-,6.06,5.05,5.36,5.52,6.25,5.87,6.07,7.69,7.45,8.61,5.87,8.11,6.54,11.45,12.51,8.8,13.74,12.82,10.79,16.56,19.74,24.31,18.29,21.61,17.69,10.14,-
9,ANDHRA PRADESH,KRISHNA,-,-,5.1,4.61,5.52,5.26,5.26,6.22,5.51,7.73,6.87,8.83,6.69,7.04,6.73,8.19,9.98,7.36,9.19,7.91,6.02,7.92,10.09,10.79,9.74,9.38,10.69,8.96,-
10,ANDHRA PRADESH,CHITTOOR,-,-,8.29,6.14,7.89,7.31,8.12,9.08,7.58,10.94,9.62,17.05,9.45,13.32,10.91,12.51,15.19,13.01,13.07,15.01,16.7,23.37,10.84,21.8,14.44,23.97,21.46,9.2,-
11,ANDHRA PRADESH,VIZIANAGARAM,-,-,5.96,6.32,6.15,6.15,6.13,5.93,5.4,7.44,5.3,6.39,5.24,5.51,4.77,6.67,5.77,4.25,6.64,5.92,6.27,6.42,6.74,7.54,6.62,7.57,6.28,7.42,-
12,ANDHRA PRADESH,EAST GODAVARI,-,-,5.29,4.88,5.29,5.84,4.55,5.02,4.98,6.07,5.21,7.15,6.51,6.51,6.28,9.02,9.85,7.91,9.36,8.27,8.2,9.15,9.78,9.29,8.77,8.89,8.51,8.43,-
13,ANDHRA PRADESH,WEST GODAVARI,-,-,7.74,7.36,8.64,8.86,8.63,9,9.69,11.2,10.31,13.97,12.54,12.47,11.97,14.4,17.25,14.78,17.78,15.33,14.94,17.55,19.54,20.56,15.15,15.68,19.24,18.25,-
14,ANDHRA PRADESH,Y.S.R.,-,-,8.44,6.71,7.83,7.08,8.55,8.82,8.66,10.81,10.29,19.88,10.53,15.71,9.31,11.42,14.81,10.72,14.52,18.82,16.47,22.81,14.42,22.16,16.88,27.62,19.6,6.72,-
15,ANDHRA PRADESH,GUNTUR,-,-,4.62,4.38,4.5,4.71,4.35,4.6,4.81,6.69,5.51,7.64,5.43,6.31,5.69,6.81,6.35,5.19,7.91,9.49,6.79,8.69,12.54,10.6,8.98,10.25,9.32,7.7,-
16,ARUNACHAL PRADESH,EAST SIANG,-,-,2.65,3.09,2.63,5.42,5.96,8.15,6.16,2.91,2.15,2.69,5.19,4.04,4.19,6.33,5.95,6.23,6.83,4.16,7.71,7.72,7.55,8.82,9.15,5.25,5.79,-,-
17,ARUNACHAL PRADESH,KURUNG KUMEY,-,-,2.99,3.32,3.42,5.56,4.2,8,5.4,3.11,2.56,3.88,5.81,4.41,6.08,7.16,7.21,7.05,6.05,5.05,6.68,7.48,7.1,8.02,7.54,5.25,5.5,-,-
18,ARUNACHAL PRADESH,CHANGLANG,-,-,2.92,4.4,3.81,5.25,2.56,4.53,3.94,2.92,2.63,2.85,3.41,3.42,4.2,4.35,4.54,4.4,4.55,4.67,3.64,3.69,3.46,3.55,3.76,4.81,3.22,-,-
19,ARUNACHAL PRADESH,TIRAP,-,-,3.52,3.82,4.23,5.68,3.28,7.29,4.34,3.19,2.75,4.63,5.16,4.35,7.35,6.88,7.47,7.05,4.61,6.1,4.49,6.45,5.94,5.61,4.47,6.92,4.89,-,-
20,ARUNACHAL PRADESH,UPPER SUBANSIRI,-,-,2.96,3.27,3.33,5.23,4.45,8.09,5.55,3.09,2.5,3.66,5.68,4.33,5.95,6.94,6.89,6.78,6.05,4.96,6.84,7.49,7.07,8.09,7.78,5.1,5.57,-,-
21,ARUNACHAL PRADESH,UPPER SIANG,-,-,2.56,3.45,2.92,5.48,4.54,6.93,5.19,2.88,2.11,2.69,4.67,4.03,4.07,5.89,5.6,5.93,6.56,4.24,7.36,7.54,7.16,7.83,8.24,5.27,5.09,-,-
22,ARUNACHAL PRADESH,EAST KAMENG,-,-,3.15,3.35,3.53,5.73,4.03,7.93,5.3,3.12,2.58,3.95,5.79,4.42,6.17,7.16,7.25,7.05,6.03,5.11,6.83,7.39,7.5,7.87,7.33,6.32,5.45,-,-
23,ARUNACHAL PRADESH,LOWER DIBANG VALLEY,-,-,2.71,3.88,3.12,5.26,3.95,5.75,4.34,2.79,2.02,2.71,3.91,3.86,3.46,4.93,4.75,5.24,6.04,4.05,6.35,6.31,6.12,7.03,7.38,5.3,4.46,-,-
24,ARUNACHAL PRADESH,TAWANG,-,-,3,3.36,3.49,5.73,3.93,7.9,5.26,3.12,2.58,3.95,5.77,4.41,6.15,7.14,7.24,7.06,6.02,5.1,7.01,7.48,7.66,7.87,7.34,6.41,5.45,-,-
25,ARUNACHAL PRADESH,WEST KAMENG,-,-,3.23,3.36,3.58,5.73,3.94,7.91,5.26,3.12,2.58,3.96,5.78,4.42,6.17,7.15,7.25,7.06,6.01,5.11,6.98,7.46,7.64,7.85,7.3,6.42,5.44,-,-
26,ARUNACHAL PRADESH,ANJAW,-,-,2.84,4.49,3.63,5.22,3.1,4.24,3.53,2.77,2.21,2.83,3.26,3.47,3.7,4.07,4.2,3.81,4.61,4.44,3.79,3.51,3.23,4.05,5.23,4.65,3.5,-,-
27,ARUNACHAL PRADESH,WEST SIANG,-,-,2.92,3.2,3.19,5.46,4.84,8.25,5.56,2.99,2.29,3.04,5.17,4.19,5.15,6.47,6.23,6.03,6.26,4.83,7.13,7.46,7.01,8.08,8.06,5.04,5.68,-,-
28,ARUNACHAL PRADESH,LOHIT,-,-,2.82,4.45,3.57,5.15,2.96,4.31,3.32,2.68,2.12,2.79,3.15,3.6,3.56,4.04,4.12,3.72,4.66,4.34,4.01,3.72,3.36,4.07,5.03,4.68,3.48,-,-
29,ARUNACHAL PRADESH,DIBANG VALLEY,-,-,2.71,3.87,3.13,5.28,3.91,5.76,4.63,2.83,2.08,2.81,4.23,4,3.47,5.18,4.98,5.39,6.05,4.08,6.63,6.56,6.36,7.09,7.4,5.3,4.42,-,-
30,ARUNACHAL PRADESH,LOWER SUBANSIRI,-,-,3.01,3.3,3.41,5.72,4.36,8.05,5.45,3.12,2.57,3.88,5.83,4.42,6.11,7.18,7.23,7.01,6.1,5.07,6.83,7.44,7.31,8,7.51,5.67,5.49,-,-
31,ARUNACHAL PRADESH,PAPUM PARE,-,-,3.23,3.34,3.56,5.73,4.13,7.97,5.32,3.12,2.58,3.96,5.8,4.43,6.2,7.17,7.26,7.03,6.03,5.13,6.42,7.19,7.16,7.85,7.3,6.15,5.45,-,-
32,ASSAM,DIMA HASAO,-,-,4.3,5.46,3.42,6.76,5.19,4.6,3.35,2.92,4.49,4.47,4.65,3.24,5.54,5.44,5.45,6.73,5.36,4.02,3.97,5.88,6,5.71,4.78,5.87,3.27,-,-
33,ASSAM,SIVASAGAR,-,-,2.74,3.13,2.2,3.01,1.72,2.75,2.81,2.86,1.93,1.68,2.91,4.38,4.36,4.49,5.74,3.13,4.49,3.34,3.92,3.14,3.47,4.08,3.38,2.64,1.58,-,-
34,ASSAM,KARIMGANJ,-,-,1.78,2.25,2.11,3.34,1.47,1.65,1.62,1.21,1.33,1.74,2.04,1.35,2.57,2.29,1.73,2.29,2.83,1.53,2.26,2.02,1.77,1.81,0.98,1.6,0.87,-,-
35,ASSAM,JORHAT,-,-,2.95,2.96,2.76,3.66,2.83,2.78,2.24,2.72,1.76,1.5,2.04,5.15,3.36,3.9,4.52,2.57,3.72,2.99,3.32,2.72,2.53,3.38,2.34,2.73,1.46,-,-
36,ASSAM,KARBI ANGLONG,-,-,4.57,5.3,4.24,6.24,5.04,4.61,3.94,4.25,4.49,4.46,5.39,4.12,5.92,5.64,6.25,5.75,6.1,3.98,4.34,5.14,6.17,5.66,5.52,5.06,3.06,-,-
37,ASSAM,BONGAIGAON,-,-,4.43,3.61,4.03,3.83,3.66,3.65,2.62,2.73,1.8,3.07,3.56,2.77,3.92,3.98,3.22,3.33,4.17,4.41,3.99,3.83,4.87,4.43,3.79,3.86,3.63,-,-
38,ASSAM,CHIRANG,-,-,4.52,3.53,4.1,3.92,3.75,3.55,2.3,2.55,1.46,2.62,4.73,2.73,3.57,3.81,2.98,2.89,4.21,4.05,3.72,3.59,4.46,3.86,3.63,3.75,3.37,-,-
39,ASSAM,CACHAR,-,-,1.28,2.21,1.25,2.69,0.62,1.66,1.38,1.19,0.91,1.15,1.67,1.29,3.11,2.95,2.07,2.72,3.17,4.01,4.36,4.74,3.59,3.41,1.17,2.73,1.34,-,-
40,ASSAM,KAMRUP,-,-,2.55,2.68,2.34,4.11,2.82,2.45,1.68,1.74,1.46,2.01,1.94,1.98,3.49,4.49,3.86,3.4,4.03,3.72,3.56,3.61,4.24,3.77,3.66,3.33,2.3,-,-
41,ASSAM,DHEMAJI,-,-,1.47,3.33,2.66,2.98,1.63,2.84,2.52,2.78,0.97,1.96,2.3,2.48,3.41,3.7,3.35,3.13,3.29,3.31,3.74,3.37,3.49,3.52,3.74,3.64,2.61,-,-
42,ASSAM,MARIGAON,-,-,3.6,3.5,3.37,4.24,3.98,3.25,1.92,2.23,2.34,2.39,2.63,2.47,2.93,3.65,4.01,3.38,3.13,2.66,3.96,4.14,4.39,4.63,3.6,4.2,3.24,-,-
43,ASSAM,NALBARI,-,-,3.42,1.97,2.6,3.25,2.42,2.07,2.07,2.07,1.03,1.86,2.1,2.01,2.85,3.13,2.94,2.7,2.74,3.04,2.57,2.68,3.55,3.39,2.69,2.69,2.52,-,-
44,ASSAM,NAGAON,-,-,4.08,4.2,3.78,6.08,4.95,4.42,3.53,3.52,3.68,3.73,3.99,3.14,4.5,4.92,5.53,5.18,4.84,3.23,4.31,4.61,5.64,5.62,4.99,4.74,3.4,-,-
45,ASSAM,BARPETA,-,-,3.41,3.12,3.04,3.3,3.21,3.15,2.35,2.63,1.05,1.99,2.69,1.73,3.31,3.59,3.44,3.22,3.71,3.82,3.46,3.19,4.63,4.02,3.32,2.99,2.9,-,-
46,ASSAM,DIBRUGARH,-,-,2.09,3.28,3.17,3.21,2.33,3.51,3.11,3.54,1.86,2.32,3.46,3.77,4.42,4.46,4.63,3.74,4.52,4.12,3.94,3.04,3.95,3.42,3.5,3.87,2.85,-,-
47,ASSAM,KOKRAJHAR,-,-,6.2,7.46,7.86,7.66,8.2,7.24,6.34,6.37,6.08,6.53,4.4,7.1,5.58,6.68,4.08,4.02,6.82,7.58,7.78,7.05,8.75,6.11,8.08,7.5,7.5,-,-
48,ASSAM,UDALGURI,-,-,3.4,3.69,3.03,3.44,4.17,2.62,2.25,3.76,2.47,2.07,2.54,1.98,3.7,3.52,4.02,4.15,4.1,3.43,4.13,3.14,3.43,3.35,3.13,2.89,3.36,-,-
49,ASSAM,HAILAKANDI,-,-,2.53,4.11,2.68,4.46,1.62,1.53,1.77,1.14,1.4,1.83,2.87,1.24,2.68,2.24,1.65,2.96,2.61,2.16,2.97,2.21,1.68,1.78,0.88,1.44,0.82,-,-
50,ASSAM,KAMRUP METROPOLITAN,-,-,2.43,3.24,1.93,4.01,2.56,2.38,1.41,1.49,2.29,2.21,2.13,1,3.38,4.41,4.38,2.89,4.51,4.85,3.24,3.85,3.93,3.62,3.33,3.15,2.64,-,-
51,ASSAM,SONITPUR,-,-,1.79,4.2,3.15,3.87,3.62,3.84,3.27,3.12,1.93,3.51,3.69,3.02,4.18,4.36,4.2,4.16,4.28,4.05,4.39,4.4,4.26,4.62,4.39,4.19,3.19,-,-
52,ASSAM,LAKHIMPUR,-,-,1.1,2.48,2.13,2.83,1.71,2.48,2.26,2.69,0.78,2.1,2.24,2.16,3.82,3.48,3.39,3.09,3.22,2.93,3.11,3.1,2.86,2.72,2.84,2.86,1.66,-,-
53,ASSAM,BAKSA,-,-,3.14,2.3,3.14,3.57,3.18,2.59,2.04,2.49,0.84,1.67,2.58,1.98,3.15,3.47,2.76,2.68,3.38,3.4,3.16,2.43,4.01,3.83,3.24,2.89,3.2,-,-
54,ASSAM,TINSUKIA,-,-,1.85,3.44,3.09,3.55,1.85,3.13,3.19,3.32,1.6,2.51,2.55,3.58,3.65,4.13,3.9,3.92,4.17,4.18,3.13,2,3.26,2.77,2.27,2.82,2.22,-,-
55,ASSAM,GOLAGHAT,-,-,4.19,5.27,4.28,5.49,3.85,4.53,3.86,4.46,4.16,3.8,4.26,5.36,5.41,5.28,6.36,4.66,6.45,4.65,4.34,5.32,5.14,5.21,4.15,5.47,3.21,-,-
56,ASSAM,DARRANG,-,-,2.89,2.49,3.05,3.35,3.74,3.11,2.51,2.88,2.21,2.41,3.11,2.76,3.53,3.96,4.38,3.89,4.07,4.31,3.63,3.48,4.17,4.49,3.79,3.67,3.72,-,-
57,ASSAM,DHUBRI,-,-,8.26,8.33,8.65,8.93,9.09,7.24,6.55,5.72,5.98,6.31,5.74,7.14,7.35,7.48,6.76,6.49,7.53,8.3,8.08,7.95,9.81,6.82,10.44,8.25,8.21,-,-
58,ASSAM,GOALPARA,-,-,3,3.68,2.71,3.38,3.15,3.53,4.11,2.57,2.93,3.87,3.53,2.72,4.28,4.52,4.59,4.4,4.76,4.99,4.5,4.95,5.38,4.97,5.09,4.13,3.39,-,-
59,BIHAR,KHAGARIA,-,-,6.3,6.39,4.96,5.63,5.78,6.57,5.49,4.59,6.08,6.56,6.39,6.01,6.09,7.12,7.26,7.55,6.79,6.37,6.13,5.58,6.18,6.27,5.87,6.35,2.95,-,-
60,BIHAR,BUXAR,-,-,6.17,6.15,6.41,6.41,6.74,5.72,5.57,6.54,6.43,6.42,6.14,6.93,6.5,4.46,6.43,6.67,6.29,6.04,5.3,6.81,7.31,6.48,8.41,7.27,4.07,-,-
61,BIHAR,MUZAFFARPUR,-,-,5.04,4.31,4.32,4.32,3.61,4.46,4.02,4.25,4.05,4.43,5.04,4.89,4.78,4.5,5.07,5.44,4.87,5.24,4.85,4.73,5.77,5.37,5.52,6.35,3.15,-,-
62,BIHAR,SUPAUL,-,-,2.67,3.34,2.57,2.87,2.54,3.03,2.92,3.16,2.54,3.25,2.94,2.97,3.51,3.89,2.99,2.96,3.53,2.98,3.11,3.05,2.82,3.07,2.9,3.41,2.26,-,-
63,BIHAR,NAWADA,-,-,4.78,5.87,5.13,4.86,4.96,5.13,5.77,5.15,5.25,5.72,5.16,5.43,5.2,6.57,6.67,7.89,6.1,7.43,5.2,6.14,6.43,5.96,6.51,7.43,4.61,-,-
64,BIHAR,BEGUSARAI,-,-,6.64,6.5,5.38,5.84,5.77,6.28,5.64,5.8,6.59,6.67,7.31,7.15,6.81,6.87,7.66,7.94,7.73,7.07,6.83,6.59,7.2,6.99,6.66,7.49,3.78,-,-
65,BIHAR,PATNA,-,-,5.22,6.07,5.61,5.29,5.6,5.93,5.65,5.26,5.58,6.92,5.89,6.16,6.06,6.41,6.75,6.92,5.91,5.62,6.44,6.61,7.26,6.53,7.51,7.37,3.51,-,-
66,BIHAR,SAHARSA,-,-,2.8,3.17,3.14,3.23,3.27,3.36,3.44,3.1,3.29,3.92,3.78,3.63,3.44,4.67,4.21,4.25,4.64,4.02,3.55,3.21,3.58,3.52,3.66,4.19,2.31,-,-
67,BIHAR,MADHEPURA,-,-,3.1,3.88,3.3,3.43,3.4,3.72,3.51,3.7,3.4,4.02,3.48,4.01,4.04,4.35,4.86,4.38,4.67,4.86,4.36,4.26,4.36,4.04,4.28,4.2,2.54,-,-
68,BIHAR,VAISHALI,-,-,6.07,5.73,5.96,5.81,4.64,5.62,5.07,5.85,5.1,5.7,5.74,6.19,5.35,5.23,6.45,7,6.22,5.8,6.38,5.88,6.94,7.01,6.97,7.64,3.43,-,-
69,BIHAR,JAMUI,-,-,8.19,8.67,8.44,7.08,6.97,7.79,8.42,7.87,8.44,8.66,8.63,8.49,8.25,7.8,8.97,9.3,8.33,7.47,8.46,9.28,8.26,7.82,8.43,8.89,4.6,-,-
70,BIHAR,LAKHISARAI,-,-,6.33,7.13,6.58,6.83,5.88,6.41,6.67,6.69,6.8,7.56,7.74,7.8,6.61,7.25,7.29,8.43,8.21,7.16,6.32,6.58,8.72,7.39,7.39,7.08,3.99,-,-
71,BIHAR,PURBA CHAMPARAN,-,-,4.62,4.43,4.02,4.02,3.9,3.77,3.34,3.89,3.87,4.51,4.41,3.79,3.85,4.43,4.32,4.48,4.4,4.62,3.3,3.85,4.14,3.84,4.34,4.82,2.35,-,-
72,BIHAR,KATIHAR,-,-,4.15,4.4,4.24,5.53,4.24,4.45,5.52,4.42,3.96,4.24,4.04,3.61,4.8,5.69,4.78,5.05,5.09,4.86,4.75,5.49,5.04,4.79,4.77,3.84,2.66,-,-
73,BIHAR,MUNGER,-,-,5.35,5.23,5.01,5.52,5.82,5.19,4.42,4.88,5.9,6.61,6.21,6.95,6.06,6.59,7.24,7.28,7.06,6.53,6.59,5.82,7.17,6.84,6.09,7.99,2.95,-,-
74,BIHAR,KAIMUR (BHABUA),-,-,7.03,7.74,7.98,7.58,7.79,7.94,6.87,6.02,6.27,7.52,6.7,7.1,7.29,7.3,9,8.79,8.34,7.35,7.75,8.52,8.33,9.27,9.72,9.66,4.2,-,-
75,BIHAR,KISHANGANJ,-,-,3.29,4.14,4,4.64,3.15,2.85,4.6,3.13,2.89,4.9,4.52,4.5,4.35,4.24,5.6,5.11,3.82,4.34,4.67,4.6,4.62,4.45,4.79,3.56,2.79,-,-
76,BIHAR,SITAMARHI,-,-,3.55,3.37,3.73,3.81,3.76,2.98,3.54,3.68,3.7,3.6,4.49,3.71,3.9,3.72,4.05,3.48,4.34,3.74,3.63,3.37,4.97,3.55,3.47,4.25,2.5,-,-
77,BIHAR,JEHANABAD,-,-,4.4,5.48,5.23,4.6,5.36,5.44,4.94,4.36,4.48,5.7,5.42,4.52,5.4,5.87,6.86,7.09,5.55,5.18,5.82,5.43,5.57,4.92,5.33,5.79,3.38,-,-
78,BIHAR,ARWAL,-,-,4.8,5.25,5.1,4.68,5.25,5.35,4.67,4.85,5.35,5.34,4.74,5.28,5.99,5.95,6.28,6.93,5.95,5.17,5,5.23,5.76,5.61,5.34,5.03,2.69,-,-
79,BIHAR,AURANGABAD,-,-,5.82,5.71,4.73,5.38,5.81,6.14,5.68,6.41,6.45,5.18,6.04,7.09,6.32,6.92,7.78,7.59,7.34,6.46,6.51,6.56,7.66,6.98,7.1,6.55,3.78,-,-
80,BIHAR,SHEIKHPURA,-,-,6.34,6.72,6.05,5.28,4.73,5.41,5.93,6.48,5.97,6.54,5.98,6.08,5.89,6.98,6.06,7.27,6.02,7.1,5.47,4.19,6.47,6.01,6.31,7.68,3.91,-,-
81,BIHAR,GOPALGANJ,-,-,4.4,3.79,3.28,3.34,3.18,3.25,3.26,3.36,3.28,4.79,3.82,3.18,3.35,3.71,4.89,4.38,4.68,3.96,3.51,3.69,4.48,3.95,4.74,5.18,1.61,-,-
82,BIHAR,GAYA,-,-,5.39,5.74,5.83,6.01,6.29,7.08,6.56,6.16,6.25,7.12,5.85,6.69,6.28,7.26,7.56,7.58,6.58,7.49,8.99,5.96,7.6,6.95,6.97,6.83,3.74,-,-
83,BIHAR,NALANDA,-,-,4.36,4.66,4.8,4.03,4.2,4.91,4.2,4.14,4.36,5.72,4.8,4.73,4.63,4.98,5.71,5.84,4.34,5.36,5.15,5.51,6.88,5.84,6.3,6.89,4.18,-,-
84,BIHAR,PASHCHIM CHAMPARAN,-,-,4.1,3.64,3.45,3.92,3.74,3.48,3.48,4.04,3.39,4.35,5.18,3.74,4.36,4.44,3.95,4.85,4.5,4.45,3.67,3.73,3.78,3.86,4.03,4.55,2.49,-,-
85,BIHAR,PURNIA,-,-,3.28,3.98,4.07,4.21,3.97,3.54,4.23,3.9,3.5,4.18,3.75,3.72,3.77,4.61,4.44,4.43,4.41,4.72,4.33,4.91,4.62,4.25,4.44,3.85,2.6,-,-
86,BIHAR,ARARIA,-,-,3.25,4.02,3.05,3.25,3.22,3.23,3.32,3.13,2.91,3.42,3.36,3.4,3.62,3.96,3.5,3.56,3.75,3.97,3.67,4.23,3.78,3.8,3.6,3.33,2.32,-,-
87,BIHAR,BHAGALPUR,-,-,5.09,5.49,5.07,5,5.4,4.68,4.95,6.44,5.27,5.99,5.41,6.58,5.7,6.06,6.33,6.81,6.38,6.66,6.11,6.27,6.95,7.72,6.63,6.99,3.16,-,-
88,BIHAR,SAMASTIPUR,-,-,5.55,5.54,5.11,5.19,4.83,5.3,4.83,4.98,4.83,5.55,6.8,6.41,5.18,6.07,6.92,7.8,6.76,6.5,6.81,6.2,7.54,5.64,6.08,7.3,4.04,-,-
89,BIHAR,ROHTAS,-,-,6.75,7.09,6.46,6.51,6.51,7,6.18,6.2,6.58,6.55,6.7,7.03,5.95,7.31,7.65,8.06,7.87,7.15,7.13,7.11,8.3,7.52,8.56,8.2,4.63,-,-
90,BIHAR,MADHUBANI,-,-,3.16,3.11,3.6,3.55,2.86,2.88,3.16,2.68,3.02,4.03,4.14,2.9,3.93,3.61,4.24,3.16,4.17,4.21,3.93,3.36,4.31,3.06,3.39,3.9,2.13,-,-
91,BIHAR,BANKA,-,-,5.48,5.4,4.83,5.07,5.68,5.36,4.72,4.61,5.19,5.24,4.87,4.98,5.41,5.54,5.96,6.03,6.06,6.24,5.08,5.94,5.81,6.77,6.5,6.73,2.32,-,-
92,BIHAR,SIWAN,-,-,4.9,4.85,3.88,4.32,3.71,6.73,4.18,3.43,4.78,5.19,4.21,4.53,4.75,4.52,6.49,5.78,5.58,4.57,4.3,4.24,5.43,4.4,5.95,6.26,2.23,-,-
93,BIHAR,DARBHANGA,-,-,2.9,3.8,3.7,3.7,3.42,3.24,4.24,3.05,3.35,4.33,4.89,4.15,4,4.57,4.57,4.05,4.3,4.29,4.48,4.44,5.59,3.93,4.19,5.27,2.91,-,-
94,BIHAR,BHOJPUR,-,-,5.46,5.22,5.49,5.2,5.55,4.74,5.32,4.98,5.34,5.64,6.02,6.56,6.34,5.64,6.56,6.45,5.61,5.32,4.83,5.85,7,6.29,6.77,6.95,3.48,-,-
95,BIHAR,SHEOHAR,-,-,4,3.62,3.25,3.85,3.78,3.58,3.76,3.74,3.91,3.87,5.46,3.69,4.48,3.29,3.29,3.16,5.06,3.67,3.44,2.76,5.68,4.04,3.98,5.99,2.19,-,-
96,BIHAR,SARAN (CHHAPRA),-,-,6.87,5.59,5.19,6.05,5.77,7.21,4.97,6.13,4.45,5.26,4.72,5.69,5.17,5.51,7.21,6.47,6.03,5.77,5.06,5.07,6.1,5.38,6.58,7.24,2.61,-,-
97,CHANDIGARH,CHANDIGARH,-,-,-,9.46,-,10.53,12.13,13.92,12.96,13.06,12.32,12.65,13.42,12.92,15.8,18.13,17.54,19.3,16.94,23.12,20.82,17.81,15.72,26.4,31.75,21.28,15.02,-,-
98,CHHATTISGARH,DURG,7.03,2.06,7.22,9.02,6.48,6.18,4.66,9.7,8.69,5.78,6.67,7.62,7.31,7.82,7.21,7.96,6.18,7.27,6.9,5.43,6.27,6.27,6.81,9.13,7.46,7.76,3.16,-,-
99,CHHATTISGARH,RAIPUR,7.19,2.08,7.39,8.58,6.99,6.55,6.68,9.19,8.84,6.5,6.72,7.14,8.61,9.57,7.51,8.42,6.1,7.36,6.83,5.46,7.37,7.09,7.47,7.77,7.06,6.17,3.23,-,-
100,CHHATTISGARH,BIJAPUR,7.99,1.71,6.78,8.66,6.69,6.61,5.1,7.03,8.56,5.88,6.66,6.87,5.79,4.18,5.57,4.64,6.62,7.18,6.83,5.43,6.71,6.43,7.34,8.8,8.31,5.67,3.6,-,-
101,CHHATTISGARH,KABEERDHAM,7.27,2.12,7.92,7.4,4.91,6.39,4.67,9.61,8.64,4.56,6.63,7.37,6.85,7.34,7.56,9.27,6.12,7.9,6.93,5.41,7.42,6.41,8.63,11.04,9.48,7.07,3.19,-,-
102,CHHATTISGARH,DAKSHIN BASTAR DANTEWADA,8.48,1.67,7.34,8.65,6.68,6.67,5.02,6.86,8.55,5.9,6.66,6.91,4.96,4.13,5.54,4.86,6.55,8.49,6.72,5.43,6.79,6.44,7.4,9.48,8.19,4.81,3.71,-,-
103,CHHATTISGARH,BILASPUR,6.76,2.14,7.77,5.76,6.18,6.58,6.45,7.79,8.71,7.28,6.61,6.94,8.37,8.76,8.41,8.79,6.15,8.86,6.94,5.4,7.74,8.88,8.94,9.39,9.05,9.34,3.19,-,-
104,CHHATTISGARH,JANJGIR-CHAMPA,6.33,2.24,7.72,6.96,6.98,7.13,11.06,7.6,9.34,8.2,6.76,6.11,6.77,6.43,6.84,6.81,6.19,6.57,6.96,5.42,7.34,10.37,7.97,5.81,8.67,7.95,3.56,-,-
105,CHHATTISGARH,UTTAR BASTAR KANKER,7.61,2.01,7.29,8.79,6.79,6.47,5.24,8.29,8.63,6.13,6.67,6.89,7.88,6.51,8.5,9.64,6.56,8,6.9,5.44,5.96,6.47,7.28,8.86,6.38,5.97,3.14,-,-
106,CHHATTISGARH,JASHPUR,6.31,2.36,6.71,6.2,8.3,7.22,8.48,8.09,6.54,8.49,5.84,6.44,7.43,7.4,7.06,7.46,7.29,7.51,6.92,5.27,6.4,8.92,9.59,7.43,7.43,6.86,3.24,-,-
107,CHHATTISGARH,NARAYANPUR,8.41,1.72,6.24,8.63,6.74,6.56,5.18,7.31,8.6,5.97,6.67,6.81,6.76,5.64,7.14,7.71,6.59,7.29,6.89,5.43,6.64,6.45,7.5,9.62,7.21,6.91,3.28,-,-
108,CHHATTISGARH,SURGUJA,6.39,2.42,8.08,5.88,8.36,7.63,7.73,8.49,6.87,8.15,6.04,6.61,8.79,8.8,7.91,9.07,6.41,9.6,6.86,5.32,6.49,9.68,9.27,8.82,8.37,8.1,3.71,-,-
109,CHHATTISGARH,RAJNANDGAON,7.88,2.04,7.66,9.37,6.41,6.41,5.03,9.59,8.63,6.14,6.66,7.55,8.25,8.73,7.98,8.69,6.18,8.91,6.91,5.42,6.16,6.23,6.99,9.07,7.54,7.06,3.19,-,-
110,CHHATTISGARH,MAHASAMUND,7.44,2.25,8.22,8.13,7.17,6.59,7.97,9.44,8.95,7.1,6.81,6.81,9.28,10.11,8.28,10.01,6.14,7.31,6.75,5.54,7,8.23,7.65,8.96,7.16,6.96,3.39,-,-
111,CHHATTISGARH,DHAMTARI,7.77,1.97,6.36,9.17,6.88,6.43,4.87,9.19,8.71,6.2,6.7,7.38,6.11,6.49,6.3,6.91,6.5,5.5,6.86,5.45,6.12,6.68,7.17,6.97,6.98,5.76,3.05,-,-
112,CHHATTISGARH,RAIGARH,6.54,2.33,9.04,6.61,8.04,7.02,10.61,8.06,8.4,8.42,6.47,5.97,7.55,7.87,7.78,7.89,6.89,7.27,6.84,5.22,6.96,9.87,7.97,8.85,8.45,6.71,3.4,-,-
113,CHHATTISGARH,KORBA,6.47,2.51,8.87,5.29,7.09,6.89,8.52,8.3,8.73,8.38,6.46,6.43,8.81,9.74,8.73,9.07,6.4,9.19,6.93,5.36,6.98,11.53,8.17,8.61,8.7,8.72,3.48,-,-
114,CHHATTISGARH,KORIYA,6.88,2.51,7.08,5.67,7.4,7.45,6.81,7.99,7.64,8.31,6.13,6.83,7.19,6.82,6.42,7.45,6.31,8.26,6.85,5.35,6.58,10.23,9.06,7.46,7.49,8.15,3.21,-,-
115,CHHATTISGARH,BASTAR,8.42,1.78,7.04,8.61,6.84,6.63,5.2,7.41,8.61,6.18,6.68,6.92,6.09,6.69,6.53,7.26,6.52,7.81,6.75,5.44,6.95,6.48,7.67,9.22,6.62,5.92,3.36,-,-
116,DADRA AND NAGAR HAV,DADRA & NAGAR HAVELI,-,-,-,-,-,-,-,-,-,-,-,7.77,7.35,7.19,6.79,7.84,7.5,6.2,6.77,4.68,6.86,8.44,8.87,8.45,8.17,10.31,2.91,-,-
117,DAMAN & DIU,DIU,-,-,-,-,-,-,-,-,-,-,-,-,3.57,3.17,3.85,3.87,3.62,6.04,6.11,8.34,9.55,5.36,6.3,5.86,6.87,5.91,4.84,-,-
118,DAMAN & DIU,DAMAN,-,-,-,-,-,-,-,-,-,-,-,-,6.31,3.93,6.28,5.41,6.55,5.37,5.36,5.34,6.03,9.34,7.34,6.57,6.72,5.99,2.17,-,-
119,DELHI,SOUTH WEST,-,-,10.37,10.02,11.08,11.23,11.86,13.01,15.15,14.27,14.16,16.61,17.73,18.49,19.21,19.57,20.7,17.98,19.51,21.27,22.4,21.01,21.74,23.02,22.69,22.15,19.95,-,-
120,DELHI,NORTH EAST,-,-,3.5,6.13,4,4.24,4.37,4.97,5.13,5.08,5.98,5.12,5.59,5.88,5.75,5.77,5.63,4.76,5.54,6.28,6.15,7.42,8.82,22.44,8.21,7.12,6.88,-,-
121,DELHI,SOUTH,-,-,17.79,15.87,19.12,16.55,18.56,21.66,23.96,28.25,22.12,35.14,39.36,39.43,37.59,38.24,39.64,35.86,36.21,37.26,34.92,35.36,36.15,42.19,37.93,36.19,34.17,-,-
122,DELHI,NORTH,-,-,3.72,4.01,4.18,4.42,4.6,5.13,5.43,5.24,5.66,4.58,4.78,5.47,5.51,5.2,5.38,4.38,5.32,6.35,5.51,6.14,6.86,9.51,7.21,5.33,5.73,-,-
123,DELHI,NEW DELHI,-,-,14.71,8.91,10.59,10.03,12.32,12.96,13.95,14.01,14.36,13.67,12.63,13.09,13.51,13.92,14.19,13.6,13.66,14.72,13.42,14.92,12.66,16.71,11.36,10.45,9.37,-,-
124,DELHI,EAST,-,-,5.3,5.55,5.36,5.61,5.84,8.86,9.61,9.09,9.48,7.16,7.45,7.68,7.89,8.2,8.28,6.33,7.94,8.67,9.13,10.25,10.73,11.17,10.41,11.81,11.91,-,-
125,DELHI,CENTRAL,-,-,5.31,4.43,4.83,5.32,5.61,6.8,7.71,7.58,8.58,5.44,5.83,6.62,6.85,6.26,6.41,5,6.6,8.72,7.62,8.37,8.79,13.51,9.37,7.11,8.13,-,-
126,DELHI,NORTH WEST,-,-,4.67,4.19,4.3,4.14,4.77,4.99,5.65,5.59,5.27,5.79,5.77,6,6.78,6.68,7.52,6.07,6.72,7.32,6.68,7.65,8.57,8.4,9.73,8.26,8.09,-,-
127,DELHI,WEST,-,-,6.9,6.13,6.34,6.01,7.21,8.94,11.64,8.79,8.13,10.07,9.16,9.27,9.56,9.66,10.23,9.9,10.5,11.29,11.75,13.11,14.22,12.96,14.54,13.4,11.98,-,-
128,GOA,NORTH GOA,-,-,-,-,-,-,-,-,-,-,-,7.61,6.66,6.78,4.96,6.82,6.95,6.97,6.33,6.4,6.2,6.34,5.67,3.83,5.04,5.44,3.41,-,-
129,GOA,SOUTH GOA,-,-,-,-,-,-,-,-,-,-,-,7,6.23,6.31,5.97,7,6.84,6.46,6.92,7.22,7.14,6.35,7.07,5.86,6.7,6.13,4.77,-,-
130,GUJARAT,SABAR KANTHA,-,-,14.81,14.5,13.7,13.07,15.57,17.7,20.01,23.13,19.28,18.07,17.59,14.62,14.66,17.14,16.4,15.13,16.29,16.48,16.82,15.24,16.72,16.54,15.82,17.56,8.78,-,-
131,GUJARAT,PORBANDAR,-,-,12.9,12.19,13.88,12.01,12.31,10.75,10.96,10.15,14.24,12.58,12.5,10.04,9.17,11.55,10.16,8.21,8.96,15.89,11.22,10.05,15.35,16.8,14.54,15.92,4.61,-,-
132,GUJARAT,ANAND,-,-,8.22,7.56,6.68,6.77,9.07,13.27,13.56,15.88,12.74,11.64,9.5,8.81,8.79,9.18,10.64,10.82,10.89,11.84,9.73,9.25,10.66,11.97,13.09,11.42,8.66,-,-
133,GUJARAT,VADODARA,-,-,11.73,14.07,10.75,12.02,14.59,18.41,16.98,19.65,15.88,14.94,13.92,13.52,11.95,13.24,12.16,11.24,12.7,14.77,12.79,13.83,13.91,14.38,13.92,16.02,10.51,-,-
134,GUJARAT,MAHESANA,-,-,29.06,30.1,39.68,26.03,43.9,39.74,38.2,47.18,42.75,36.26,46.2,40.01,40.14,39.32,42.38,14.74,49.74,42.52,52.96,39.71,36.45,39.08,41.86,42.63,37.5,-,-
135,GUJARAT,KHEDA,-,-,11.88,12.13,11.35,11.26,9.71,15.84,15.4,19.15,14.77,15.28,14.64,13.54,11.09,12.75,12.84,12.99,12.61,13.25,12.21,12.97,12.74,12.82,12.38,13.87,8.11,-,-
136,GUJARAT,NARMADA,-,-,9.76,11.75,8.31,9.78,10.62,13.24,9.35,12.66,10.92,11.82,9.24,10.77,9.28,10.37,10.55,8.82,10.57,10.68,10.54,11.19,10.69,10.02,11.49,10.85,6.53,-,-
137,GUJARAT,NAVSARI,-,-,7.71,7.03,7.36,7.24,7.01,9.92,10.17,8.14,7.17,8.25,7.59,9.68,9.56,8.35,9.9,8.07,9.25,8.47,7.7,8.15,8.49,8.89,9.57,6.64,2.44,-,-
138,GUJARAT,AHMADABAD,-,-,11.42,11.02,10.03,13.19,16.53,12.88,18.13,19.18,15.83,26,19.78,17.85,18.17,17.86,21.17,20.87,20.43,18.8,16.65,17.47,20.09,17.08,19.73,18.59,13.69,-,-
139,GUJARAT,RAJKOT,-,-,12.18,12.53,11.38,13.03,13.73,14.69,13.26,12.89,10.25,11.31,8.74,9.72,8.74,10.45,10.87,8.57,10.33,10.67,8.91,10.77,10.77,10.52,11.32,10.94,4,-,-
140,GUJARAT,BHARUCH,-,-,8.94,9.87,8.96,8.87,8.67,9.29,8.53,9.52,8.42,9.47,8.52,8.45,7.73,7.55,10.17,7.67,7.8,8.79,7.8,11.57,8.58,7.91,8.69,8.23,4.51,-,-
141,GUJARAT,GANDHINAGAR,-,-,72.09,35.48,39.66,43.01,55.35,55.67,53.1,66.28,56.87,53.15,71.42,63.92,57.89,62.9,66.41,30.81,72.34,69.69,77.53,68.56,69.09,70.13,70.76,75.71,69.54,-,-
142,GUJARAT,AMRELI,-,-,15.81,14.04,16.69,15.17,17.41,19.66,19.55,15.42,14.52,17,12.34,13.96,11.33,12.68,15.49,11.86,13.9,14.19,14.82,14.01,15.15,14.34,16.06,15.69,7.23,-,-
143,GUJARAT,JUNAGADH,-,-,14.62,13.9,15.69,14.83,15.99,16.4,15.35,14.43,13.73,13.89,12.12,12.8,11.8,12.37,15.04,11.66,13.11,16.36,14.61,10.11,17.03,14.58,15.24,14.38,4.72,-,-
144,GUJARAT,BANAS KANTHA,-,-,15.11,18.6,16.6,16.97,25.41,23.97,23.92,30.03,30.34,29.84,40.75,32.57,37.33,39.65,37.54,50.25,47.03,42.18,49.28,43.97,43.36,43.32,44.42,49.73,42.95,-,-
145,GUJARAT,SURAT,-,-,7.34,6.77,6.75,6.99,6.17,7.28,7.11,7.58,6.04,6.44,6.42,6.97,6.76,6.65,7.14,6.18,6.82,7.87,6.56,11.62,6.97,6.8,7.06,6.9,3.15,-,-
146,GUJARAT,DOHAD,-,-,8.48,6.74,5.07,6.86,8.8,10.73,9.56,10.34,7.41,7.28,8.33,7.05,7.44,8.76,10.68,10.11,7.91,7.99,6.62,15.42,9.54,8.4,8.54,8.31,3.51,-,-
147,GUJARAT,VALSAD,-,-,8.18,7.68,8.1,8.09,6.75,6.09,7.93,9.29,7.53,7.65,7.27,7.97,7.89,7.65,8.71,7.52,7.68,7.7,7.59,16.49,7.66,8.87,8.5,7.19,3.1,-,-
148,GUJARAT,JAMNAGAR,-,-,13.09,12.81,11.44,11.17,13.61,13.76,13.99,12.86,11.9,13.64,11.75,11.22,9.96,11.89,12.46,9.55,10.12,13.48,10.69,8.93,13.4,13.31,11.25,11.68,3.09,-,-
149,GUJARAT,PATAN,-,-,15.01,16.38,14.77,13.66,24,19.15,18.87,20.05,20.47,26.55,30.96,21,21.02,28.31,26.81,29.99,51.22,23.25,26.22,49.45,20.32,49.26,62.56,50.71,36.34,-,-
150,GUJARAT,PANCH MAHALS,-,-,9.17,7.93,7.78,7.88,8.25,10.34,11,11.15,8.71,8.94,8.19,7.06,6.84,8.51,9.42,8.39,9.23,8.61,7.79,11.59,11.32,10.41,10.42,10.35,4.68,-,-
151,GUJARAT,SURENDRANAGAR,-,-,11.02,11,10.79,12.03,13.98,14.74,9.68,14.2,10.6,11.03,9.88,9.78,7.87,10.48,11.18,8.82,9.89,7.81,9.46,11.28,8.71,8.14,8.55,8.78,3.81,-,-
152,GUJARAT,THE DANGS,-,-,6.55,5.79,5.98,5.22,4.35,6.35,6.31,7.34,6.48,6.26,6.11,6.04,5.86,6.22,5.88,4.99,6.13,6.22,6.34,9.18,6.4,6.45,6.15,6.22,1.31,-,-
153,GUJARAT,BHAVNAGAR,-,-,14.82,14.4,15.62,15.93,16.23,18.08,15.74,12.56,12.14,13.28,9.79,10.98,8.55,11.29,13.85,11.32,15.46,14.88,20.07,14.11,13.86,13.18,17.94,14.63,6.15,-,-
154,GUJARAT,KACHCHH,-,-,12.68,11.69,12.15,11.34,13.22,11.9,11.03,12.9,11.85,11.38,13.44,9.6,11.09,11.85,11.8,10.81,10.82,12.71,15.88,13.63,12.18,12.63,17.92,13.39,9.45,-,-
155,GUJARAT,TAPI,-,-,7.08,6.64,6.43,6.89,6.61,8.42,6.61,8.52,7.47,6.86,7.44,7.48,6.71,7.28,10.67,7.7,7.79,7.42,6.91,12.43,7.72,7.93,7.9,6.04,3.16,-,-
156,HARYANA,BHIWANI,-,-,13.62,14.15,13.36,13.7,14.18,14.02,14.2,13.42,12.04,12.06,18.03,12.22,17.76,17.8,19.29,18.33,18.2,10.62,17.17,18.49,18.18,18.42,19.12,17.8,12.48,-,-
157,HARYANA,FATEHABAD,-,-,9.95,8.24,7.61,7.88,8.36,7.46,8.32,10.37,10.93,11.58,10.83,10.87,12.41,8.69,7.14,6.73,15.33,22.15,23.26,19.38,11.44,19.76,21.13,23,8.03,-,-
158,HARYANA,SONIPAT,-,-,5.49,5.77,4.13,3.55,5.16,5.94,6.22,6.29,6.16,6.67,7.84,7.38,7.77,7.05,6.52,6.8,6.79,9.95,9.91,10.61,11.21,12.53,12.17,12.3,12.31,-,-
159,HARYANA,FARIDABAD,-,-,4.55,4.71,5.06,5.16,7.11,13.64,15.47,15.55,12.9,15.87,16.01,14.64,13.51,13.71,17.59,16.42,25.16,22.76,23.05,16.5,15.09,14.54,21.8,24.03,23.52,-,-
160,HARYANA,REWARI,-,-,14.97,13.26,13.34,13.72,15.57,16.88,17.07,16.24,18.45,21.13,20.21,17.84,17.67,17.53,17.28,15.68,21.86,22.2,19.11,17.48,16.35,24.23,22.31,21.96,23.97,-,-
161,HARYANA,PANCHKULA,-,-,15.4,17.38,14.5,14.68,13.86,16.5,16.23,18.71,15.52,18.25,14.66,15.9,18.95,14.95,17.84,20.11,23.94,21.48,22.33,11.95,11.52,8.33,12.75,14.56,8.45,-,-
162,HARYANA,PANIPAT,-,-,8.1,7.94,5.12,4.16,5.99,8.01,9.42,10.51,11.33,9.77,12.03,10.43,12.42,12.22,11.78,11.59,15.55,12.44,13.77,20.98,15.7,17.33,18.99,17.75,17.47,-,-
163,HARYANA,PALWAL,-,-,4.39,5.16,5.13,4.63,5.04,6.05,6.92,6.72,5.68,5.51,5.89,6.45,6.21,6.12,7.74,6.44,13.23,7.67,7.14,7.65,7.52,7.9,8.37,8.57,8.97,-,-
164,HARYANA,ROHTAK,-,-,3.13,7.09,3.69,3.66,4.82,4.87,5.18,5.2,4.92,4.13,3.67,3.65,4.04,3.67,4.39,3.68,4.56,3.8,3.74,3.56,4.41,4.58,3.11,3.1,4.07,-,-
165,HARYANA,GURGAON,-,-,10.97,10.77,7.24,10.65,14.71,16.7,18.74,22.29,16.58,22.15,22,24.09,22.55,20.64,22.48,25.29,26.64,23.42,23.01,23.93,24.13,22.79,26.08,27.46,25.35,-,-
166,HARYANA,KURUKSHETRA,-,-,14.73,15.56,12.96,7.07,8.05,15.46,16.51,18.71,19.34,23.96,20.82,24.16,22.99,24.42,27.81,24.91,29.25,31.65,30.68,33.86,33.66,35.64,36.76,45.76,35.84,-,-
167,HARYANA,MEWAT,-,-,4.36,4.93,5.09,5.32,7.05,7.45,8.35,8.53,6.4,6.25,7.45,8.12,8.13,8.47,7.61,6.88,15.3,10.69,11.48,9.95,6.96,7.08,10.48,10.56,7.89,-,-
168,HARYANA,JHAJJAR,-,-,5.41,4.54,5.36,5.31,6.14,6.64,6.99,7.28,6.54,7.32,6.79,6.32,5.61,6.15,5.85,5.14,5.51,7.06,6.02,6.12,6.24,5.28,6.28,5.3,4.84,-,-
169,HARYANA,KAITHAL,-,-,7.63,8.5,7.74,7.33,8.15,9.79,10.45,12.55,12.29,12.79,12.97,14.48,14.66,15.42,16.52,17.23,17.47,20.55,20.37,25.11,24.71,26.19,26.08,26.92,27.86,-,-
170,HARYANA,SIRSA,-,-,10.75,10.49,9.98,9.7,10.17,10.39,10.82,11.7,10.93,10.4,10.56,10.48,11.72,10.87,12.02,11.93,17.45,16.2,15.18,16.09,16.89,13.18,15.42,18.98,11.84,-,-
171,HARYANA,MAHENDRAGARH,-,-,23.02,20.86,18.87,18.77,20.91,23.11,26.66,23.59,30.43,30.8,33.79,21.21,22.26,24.36,20.89,22.78,32.03,28.54,25.1,35.79,23.5,28.96,34.12,30.47,44.66,-,-
172,HARYANA,YAMUNANAGAR,-,-,9.42,8.91,7.58,7.32,7.77,10.12,9.07,10.97,10.28,11.18,10.96,11.9,11.46,11.78,12.22,11.14,14.37,12.43,10.95,13.04,12.79,13.18,13.86,13.53,9.31,-,-
173,HARYANA,AMBALA,-,-,9.92,9.38,6.89,5.26,5.95,10.66,11.68,13.06,12.05,47.07,14.53,16.25,12.26,13.19,18.77,14.8,18.55,22.64,21.99,13.9,16.96,22.56,13.75,15.24,17.12,-,-
174,HARYANA,KARNAL,-,-,9.43,7.61,7.03,5.25,7.52,8.79,9.68,11.45,11.75,12.34,12.85,13.46,14.6,15.71,16.58,15.47,19.7,18.8,18.35,20.84,21.24,22.12,22.43,25.25,23.22,-,-
175,HARYANA,JIND,-,-,6.01,6.51,5.44,6.16,6.31,7.16,8.25,9.04,9.49,9.39,9.7,9.85,10.33,10.3,11.17,10.59,12.08,12.8,11.74,13.5,13.85,13.42,14.88,15.09,13.68,-,-
176,HARYANA,HISAR,-,-,8.16,8.31,7.42,6.85,7.48,8.13,8.26,8.57,7.81,7.98,7.5,7.67,8.1,8.2,9.11,8.51,8.72,8.45,8.16,7.88,8.44,8.85,8.64,10.4,7.94,-,-
177,HIMACHAL PRADESH,SIRMAUR,-,-,-,13.24,15,15.62,13.89,16,15.28,16.23,14.71,14.5,15.83,14.51,14.8,15.6,11.9,13.29,13.43,10.83,10.05,10.49,11.12,11.14,11.45,11.5,8.55,-,-
178,HIMACHAL PRADESH,KULLU,-,-,-,9.61,8.62,10.21,7.78,9.29,7.9,8.38,9.15,8.84,7.89,4.91,6.03,6.07,4.91,4.71,4.2,3.83,3.72,3.3,4.95,5.15,4.97,5.06,3.05,-,-
179,HIMACHAL PRADESH,MANDI,-,-,-,10.84,5.88,6.56,5.28,6.52,6.96,7.26,7.15,6.98,6.29,4.82,5.89,6.25,5.57,4.73,5.24,4.45,4.24,3.75,4.05,4.77,4.62,4.53,3.55,-,-
180,HIMACHAL PRADESH,HAMIRPUR,-,-,-,8.52,7.47,7.65,8.4,9.78,9.56,8.72,8.3,8.35,8.55,8.72,8.45,8.76,6.41,5.94,6.23,5.14,4.51,3.88,4.81,5.79,6.19,4.17,3.12,-,-
181,HIMACHAL PRADESH,SHIMLA,-,-,-,15.1,14.45,15.32,13.95,14.98,14.48,15.66,14.47,14.07,15.14,13.53,13.92,14.39,10.46,10.63,10.44,10.18,9.04,9.4,10.4,9.92,10.11,10.88,7.99,-,-
182,HIMACHAL PRADESH,KINNAUR,-,-,-,18.3,14.8,15.52,13.73,14.72,13.43,14.18,14.1,13.28,14.15,11.98,12.62,12.88,10.84,9.11,8.94,9.05,8.39,8.46,10.27,9.18,10.29,9.54,7.28,-,-
183,HIMACHAL PRADESH,LAHUL & SPITI,-,-,-,8.98,8.22,9.83,7.68,9.39,8.3,8.26,8.94,8.5,7.93,5.61,6.83,7,6.16,5.53,5.74,4.94,4.9,4.1,6,5.94,5.91,5.81,3.88,-,-
184,HIMACHAL PRADESH,SOLAN,-,-,-,7.82,9.08,9.09,8.72,10.61,10.46,12.9,11.41,11.45,10.02,9.59,13.04,10.48,10.84,10.26,10.77,14.67,10.79,10.92,17.43,13.48,10.8,15.1,11.31,-,-
185,HIMACHAL PRADESH,UNA,-,-,-,9.22,9,6.82,6.58,9.15,9.67,9.92,7.34,7.98,10.51,8.17,11.41,10.61,5.43,5.02,5.61,7,5.55,5.88,6.77,7.05,6.49,5.73,4.41,-,-
186,HIMACHAL PRADESH,KANGRA,-,-,-,5.49,5.09,6.76,5.68,7.32,7.41,6.66,7.29,6.43,7.22,6.31,7.21,7.45,7.9,7.31,7.57,6.88,6.35,5.46,6.98,6.56,6.59,5.91,4.38,-,-
187,HIMACHAL PRADESH,CHAMBA,-,-,-,5.08,4.32,6.21,4.57,6,6.68,7.05,7.34,5.81,7.06,6.04,7.14,7.08,7.01,7.33,7.12,6.08,5.2,3.73,5.47,4.94,5.47,4.85,3.93,-,-
188,HIMACHAL PRADESH,BILASPUR,-,-,-,15.36,12.84,12.37,12.7,13.58,14.34,15.85,16.26,15.45,13.57,12.96,17.28,14.66,13.35,11.89,12.46,9.84,8.42,10.47,11.32,7,7.56,10.29,8.89,-,-
189,JAMMU & KASHMIR,JAMMU,6.27,7.01,6.99,6.43,6.59,7.42,7.72,8.1,9.38,7.64,-,7.81,8.7,7.1,8.04,7.98,8.93,7.81,7.72,7.47,5.98,5.49,6.99,6.95,7.33,6.96,2.42,-,-
190,JAMMU & KASHMIR,DODA,11.53,6.51,4.79,4.5,3.89,5.46,6.07,5.05,7.23,5.13,-,3.84,4.35,3.48,3.61,5.18,7.18,4.13,3.51,3.62,2.8,2.66,4.12,3.13,4.99,3.68,1.18,-,-
191,JAMMU & KASHMIR,J&K District 1,5.89,7.16,6.92,5.87,6.77,7.78,9.61,8.12,14.41,7.94,-,2.43,3.49,2.39,3.59,4.07,4.6,3.09,3.89,3.46,3.44,2.01,3.27,2.9,3.95,3.68,2.55,-,-
192,JAMMU & KASHMIR,RAJOURI,-,-,-,-,-,-,-,-,-,-,-,-,-,-,-,-,-,-,-,-,-,-,-,-,-,-,-,-,-
193,JAMMU & KASHMIR,SAMBA,-,-,-,-,-,-,-,-,-,-,-,-,-,-,-,-,-,-,-,-,-,-,-,-,-,-,-,-,-
194,JAMMU & KASHMIR,UDHAMPUR,12.17,6,5.02,4.34,4.29,5.62,6.47,5.4,7.4,4.83,-,4.11,4.62,3.68,4.25,6.56,7.48,4.44,4.37,4.07,2.42,2.51,4.07,3.62,5.06,3.46,1.33,-,-
195,JAMMU & KASHMIR,ANANTNAG,7.14,8.48,8,7.73,7.11,8.6,8.61,8.09,10.76,7.8,-,7.26,7.56,6.77,7.12,8.72,9.62,7.77,3.61,9.79,8.15,7.51,10.39,7.73,7.69,10.44,6.65,-,-
196,JAMMU & KASHMIR,KATHUA,8.58,6.74,5.73,5.59,4.57,6.15,6.29,6.1,7.9,7.1,-,6.3,6.65,5.81,5.99,6.34,7.44,6.1,5.83,5.56,5.28,4.5,5.44,5.36,6.93,6.34,1.18,-,-
197,JHARKHAND,HAZARIBAGH,-,-,8.66,8.14,7.1,8.38,7.28,9.34,8.88,8.26,7.76,8.97,8.56,8.03,7.98,7.78,8.67,10.02,7.67,8.86,7.9,5.04,8.33,8.63,8.28,9.01,4.49,-,-
198,JHARKHAND,LOHARDAGA,-,-,7.8,7.93,6.6,7.33,8.27,9.04,7.81,7.65,7.49,8.27,8.37,7.96,6.92,7.84,8.47,8.81,7.78,7.58,7.01,4.08,7.72,8.08,7.68,8.53,4.27,-,-
199,JHARKHAND,PALAMU,-,-,7.35,6.93,7.96,7.01,8.15,7.8,7.66,6.86,7.32,8.79,8.52,7.42,8.95,9.55,10.11,10.64,8.79,6.7,8.83,6.52,8.28,8.97,8.4,9.61,5.65,-,-
200,JHARKHAND,GIRIDIH,-,-,7.07,6.4,6.53,7.66,6.9,7.51,8.58,7.96,8.68,8.94,8.76,8.98,7.35,8.28,8.46,9.93,8.43,8.09,6.64,7.28,8.43,9.44,9.12,9.26,3.18,-,-
201,JHARKHAND,CHATRA,-,-,8.35,8.34,7.74,8.48,8.13,9.31,9.01,6.98,8.46,8.63,8.57,8.68,7.96,9.42,9.79,11.14,9.55,9.2,9.27,7.87,9.12,9.37,9.09,11.07,6.37,-,-
202,JHARKHAND,SAHIBGANJ,-,-,7.09,6.63,6.14,6.51,4.68,5.78,7.63,5.99,6.38,8.24,7.26,9.53,7.93,6.18,8.15,7.61,8.46,7.69,6.1,6.18,7.69,7.21,6.56,6.56,3.06,-,-
203,JHARKHAND,PURBI SINGHBHUM,-,-,9.04,9.23,5.24,9.41,9.07,7.41,9.86,9.86,9.6,10.36,10.76,9.76,8.18,10.19,9.27,9.42,8.8,10.39,7.46,7.62,8.74,9.23,7.34,5.97,2.87,-,-
204,JHARKHAND,RANCHI,-,-,7.25,7.43,6.38,7.9,6.97,8.58,8.29,8.04,6.95,8.41,6.89,6.96,7.2,7.11,7.77,8.26,7.26,7.07,6.55,6.69,7.86,8.39,10.08,7.84,2.82,-,-
205,JHARKHAND,DHANBAD,-,-,5.23,5.13,4.56,5.62,5.85,5.46,4.84,5.38,5.46,7.77,7.74,6.6,6.1,7.37,7.59,8.61,8.13,6.89,7.08,4.86,6.48,6.85,6.65,6.37,3.03,-,-
206,JHARKHAND,BOKARO,-,-,7.08,6.8,7.41,7.73,7.4,8.14,7.68,7.53,7.43,8.87,8.78,8.85,8.88,8.82,8.84,10.18,7.98,8.08,7.3,6.77,8.02,8.53,7.08,7.54,3.75,-,-
207,JHARKHAND,LATEHAR,-,-,7.27,7.15,7.24,7.92,7.83,8.2,7.82,7.38,8.1,8.31,8.29,7.95,7.79,8.2,9.06,9.69,8.39,7.82,7.28,7.05,8.5,8.32,7.83,9.74,4.73,-,-
208,JHARKHAND,JAMTARA,-,-,6.4,6.99,6.15,6.17,6.56,5.69,6.39,5.79,6.8,7.16,7.16,6.87,7.95,6.8,7.73,7.8,8.43,7.03,6.22,6.05,6.99,6.64,7.62,7.49,3.27,-,-
209,JHARKHAND,GODDA,-,-,7.38,6.89,7.92,7.59,5.46,6.87,6.82,7.41,7.16,7.81,7.31,7.22,7.42,6.8,8.27,7.75,8.89,9.27,7.72,7.4,7.93,8.22,7.25,6.72,3.91,-,-
210,JHARKHAND,RAMGARH,-,-,7.75,7.98,7.67,6.19,7.53,8.68,8.37,7.69,7.09,8.11,7.46,7.71,8,7.22,7.76,7.99,6.75,7.5,7.12,5.2,7.68,7.33,6.68,7.53,2.71,-,-
211,JHARKHAND,SIMDEGA,-,-,6.58,7.22,5.23,6.5,7.46,8.46,9.61,7.74,6.19,8.07,7.21,6.66,7.2,7.43,8.08,8.17,7.37,7.2,5.71,2.95,6.77,6.91,6.27,6.89,2.14,-,-
212,JHARKHAND,PASHCHIMI SINGHBHUM,-,-,7.37,7.38,4.86,7.83,6.69,5.93,8.39,8.02,5.87,6.99,7.17,6.46,6.81,6.77,8.36,7.63,7.87,7.09,6.74,6.65,8.27,7.43,6.3,6.22,2.58,-,-
213,JHARKHAND,PAKUR,-,-,7.42,6.67,7.58,6.63,5.26,6.99,8.45,7.62,6.55,7.42,7.51,8.44,8.28,7.1,8.15,8.09,9.4,8.19,6.75,6.5,8.19,6.96,6.27,6.5,3.13,-,-
214,JHARKHAND,GUMLA,-,-,5.81,6.11,4.23,5.8,6.41,7.5,8.51,6.6,7.63,7.69,6.82,7.87,6.38,6.61,7.51,7.14,6.64,5.64,5.96,3.52,6.53,6.9,6.69,7.05,2.65,-,-
215,JHARKHAND,KODARMA,-,-,8.07,7.26,6.09,8.31,6.79,8.33,8.99,8.15,8.05,8.19,8.3,7.73,6.96,7.64,8.32,9.78,8.52,8.09,6.68,4.31,7.25,8.47,7.2,8.51,4.78,-,-
216,JHARKHAND,DEOGHAR,-,-,6.74,6.99,7.15,7.04,6.91,7.26,7.95,7.75,7.96,7.77,8.5,7.5,8.08,7.32,8.79,8.46,9.28,8.1,6.63,7.2,8.33,7.96,7.81,8.76,2.95,-,-
217,JHARKHAND,GARHWA,-,-,6.85,6.36,7.1,6.51,7.97,7.94,7.54,6.95,7.79,8.03,7.1,7.39,7.64,9.38,9.25,10.13,8.53,7.47,8.08,4.76,7.36,8.6,8.37,8.92,3.74,-,-
218,JHARKHAND,SARAIKELA-KHARSAWAN,-,-,7.63,7.32,5.75,6.8,6.08,5.63,7.67,8.36,7.03,8.22,7.92,8.79,7.4,7.41,8.76,8.36,8.01,7.82,7.19,6.67,7.39,8.01,6.99,7.29,2.9,-,-
219,JHARKHAND,KHUNTI,-,-,8.66,8.35,6.53,8.55,7.22,8.87,8.45,7.86,8.17,8.85,8.21,8.06,7.8,8.05,7.76,8.62,7.83,7.51,6.86,7.68,7.45,8.29,7.79,7.23,2.51,-,-
220,JHARKHAND,DUMKA,-,-,6.65,7.44,7.23,6.85,5.62,6.62,7.1,7.19,7.16,6.59,6.96,6.7,7.99,6.57,8.08,7.64,8.73,6.99,6.8,6.83,7.27,6.72,6.52,6.75,3.21,-,-
221,KARNATAKA,GULBARGA,-,-,8.67,9.73,9.25,6.96,8.76,8.45,9.13,8.33,7.98,8.54,7.34,9.44,8.12,10.14,7.95,6.34,8.32,14.04,7.45,7.63,11.41,8.46,7.55,8.96,3.99,-,-
222,KARNATAKA,BIDAR,-,-,10.66,11.01,9.48,7.78,10.91,10.26,11.27,9.12,10.43,12.77,11.93,12.25,10.99,12.25,13.63,9.35,11.91,19.25,8.93,9.99,11.92,9.09,9.56,11.43,3.99,-,-
223,KARNATAKA,MANDYA,-,-,8.5,8.17,5.55,5.46,6.94,6.23,7.64,7.95,7.83,7.67,6.68,7.92,6.94,7.94,6.95,5.65,7.16,9.61,7.63,5.58,7.9,8.37,6.18,7.43,5.77,-,-
224,KARNATAKA,DAVANAGERE,-,-,10.23,9.57,8.47,8.12,10.45,8.67,9.35,8.16,16.42,14.63,9.28,11.32,7.51,9.03,6.36,5.96,7.6,8.41,7.07,6.83,7.22,9.54,7.83,10.5,4.74,-,-
225,KARNATAKA,KOLAR,-,-,10.88,9.12,7.28,9.3,14.92,17.22,15.64,8.8,16.85,15.96,8.8,8.01,13.06,12.4,12.1,12.68,15.56,19,12.64,15.53,4.7,5.36,12.19,16.2,4.93,-,-
226,KARNATAKA,BIJAPUR,-,-,7.48,7.26,7.5,6.26,8.05,8.42,8.08,6.22,9.39,7.91,8.97,9.2,7.5,8.22,6.84,7.64,8.96,13.79,8.26,7.84,8.35,8.7,7.61,9.19,3.76,-,-
227,KARNATAKA,CHIKKABALLAPURA,-,-,9.68,8.32,7,12.77,14.11,13.85,12.16,10.3,16.93,26.83,14.92,9.64,14.54,12.56,14.11,11.53,15.84,23.41,16.52,21.57,6.12,7.49,19.04,15.61,4.95,-,-
228,KARNATAKA,BELLARY,-,-,9.31,7.97,7.08,7,10.04,9.96,8.05,7.88,13.59,13.32,9.1,12.66,9.77,11.21,8.53,8.57,9.64,10.69,9.19,8.67,6.72,8.32,9.86,10.78,4.39,-,-
229,KARNATAKA,KODAGU,-,-,9,9.44,7.87,8.05,9.29,9.17,9.26,8.61,8.37,9.8,7.38,9.48,8.98,8.97,8.55,8.28,9.96,10.1,8.92,8.22,8.78,8.97,8.77,9.25,5.62,-,-
230,KARNATAKA,DAKSHINA KANNADA,-,-,8.93,8.75,7.34,6.86,7.99,9.19,8.62,7.65,7.42,8.53,7.83,9.4,8.26,8.58,8.76,8.12,9.2,8.97,7.8,7.13,8.11,7.94,8.22,9.06,5.41,-,-
231,KARNATAKA,RAMANAGARA,-,-,8.3,8.02,7.04,5.9,6.78,7.24,8.76,7.04,11.28,10.18,6.72,7.21,10.83,11.72,10.53,9.6,10.11,12.81,10.74,10.35,7.85,9.27,8.04,9.32,5.37,-,-
232,KARNATAKA,YADGIR,-,-,7.21,8.33,6.84,5.74,7.34,6.83,6.82,5.58,7.42,7.37,6.73,7.8,6.46,8.48,7.41,6.15,7.51,9.74,6.69,6.17,7.83,7.67,7.16,8.47,4.12,-,-
233,KARNATAKA,CHIKMAGALUR,-,-,9.1,8.31,6.95,6.62,7.46,7.44,8.1,8.53,8.67,7.88,7.99,8.56,7.27,7.88,6.95,7.49,7.99,9.68,8.31,7.31,8.28,8.77,7.25,8.27,5.65,-,-
234,KARNATAKA,BANGALORE,-,-,9.78,8.13,6.19,5.46,10.88,11.18,10.56,5.94,16.21,10.13,12.65,5.9,15.35,14.75,15.73,14.89,16.57,19.26,14.81,15.24,9.14,9.85,11.78,14.1,5.2,-,-
235,KARNATAKA,SHIMOGA,-,-,10.95,10.62,8.7,9.22,9.34,9.22,9.64,10.67,9.55,9.78,7.98,9.54,7.86,8.31,7.96,7.7,8.62,11.75,7.63,8.19,9.13,10.19,9.34,9.1,4.8,-,-
236,KARNATAKA,HAVERI,-,-,12.03,13.04,13.64,13.47,14.35,10.67,13.23,11.63,22.53,15.85,16.38,16.29,10.67,12.02,9.69,9.47,10.82,16.46,11.79,10.43,10.76,12.45,12.81,12.3,4.37,-,-
237,KARNATAKA,CHITRADURGA,-,-,10,8.46,8.52,7.93,8.81,8.22,8.86,8.62,14.01,13.6,8.23,13.2,10.22,10.98,9.88,8.06,11.11,14.45,11.19,11.57,8.49,10.44,12.91,15.99,5.03,-,-
238,KARNATAKA,BANGALORE RURAL,-,-,11.1,9.66,8.64,7.75,13.74,13.3,11.02,8.83,19.18,18,14.51,8.97,17.8,14.55,16.7,18.16,19.84,23.51,18.07,17.64,14.28,13.53,19.65,19.34,5.17,-,-
239,KARNATAKA,UTTARA KANNADA,-,-,5.34,9.26,7.52,8.48,8.62,9.37,9.87,8.55,9.63,10.42,9.36,8.86,9.43,9.29,9.22,8.8,9.44,9.77,7.77,7.77,8.1,8.06,8.07,9.03,4.14,-,-
240,KARNATAKA,TUMKUR,-,-,8.93,8.78,7.55,7.63,10.75,10.08,10.63,8.8,20.16,18.86,12.24,13.91,12.84,9.77,10.69,9.54,12.45,16.5,15.3,13.23,5.96,7.85,11.58,16.37,5.51,-,-
241,KARNATAKA,UDUPI,-,-,8.88,9.32,7.77,7.42,8.35,7.87,8.55,8.05,7.66,9.44,7.1,9.06,8.61,8.81,9.39,9.35,9.54,8.67,8.7,8.36,8.94,8.9,8.86,9.97,4.94,-,-
242,KARNATAKA,CHAMRAJNAGAR,-,-,8.23,6.45,6.46,5.83,6.6,5.68,9.31,6.56,10.71,9.2,8.46,9.82,10.01,9.29,10.32,8.57,8.91,10.8,11.92,9.09,7.57,8.73,9.17,9.45,5.3,-,-
243,KARNATAKA,BAGALKOT,-,-,7.21,7.22,7.31,6.47,8.13,9.73,10.38,9.59,12.29,12.25,10.58,10.82,11.91,8.19,7.6,10.5,8.61,14.93,10.44,8.73,8.85,8.67,8.63,10.02,3.68,-,-
244,KARNATAKA,GADAG,-,-,10.58,9.62,9.75,10.51,11.24,8.57,11.74,10.32,14.83,13.83,12.6,12.13,9.26,10.08,9.82,8.95,9.93,14.55,12.52,11.97,13.41,11.55,10.29,11.66,4.08,-,-
245,KARNATAKA,KOPPAL,-,-,7.81,7.22,7.27,7.09,8.07,8.24,8.54,8.24,10.95,8.22,9.94,10.08,8.56,9.35,7.61,8.33,9.46,12.88,8.22,8.13,8.46,9.21,7.53,9.41,4.24,-,-
246,KARNATAKA,BELGAUM,-,-,9.13,8.85,7.97,9.5,8.54,9.85,11.19,9.96,11.41,9.85,8.81,8.97,9.61,8.15,6.98,7.68,8.68,10.76,8.99,8.94,9.25,8.89,8.9,8.98,3.32,-,-
247,KARNATAKA,DHARWAD,-,-,9.91,10.84,10.27,11.67,11.12,9.93,14.1,11.81,15.11,13.52,11.83,10.23,10.27,10.64,8.93,8.95,10.3,12.63,10.74,10.1,11.28,10.96,8.31,9.91,3.91,-,-
248,KARNATAKA,RAICHUR,-,-,5.15,5.45,5.39,3.99,5.19,5.44,5.34,5.81,6.29,5.61,5.25,5.76,4.65,5.95,3.79,3.97,6.24,9.38,5.07,4.9,6.05,7.06,5.53,6.88,4.25,-,-
249,KARNATAKA,HASSAN,-,-,10.04,9.65,7.42,6.92,8.75,7.39,9.59,9.48,10.08,9.36,8.03,8.65,7.42,8.02,7.92,6.2,8.11,10.45,8.77,8.09,9.14,9.44,11.19,11.48,6.41,-,-
250,KARNATAKA,MYSORE,-,-,8.83,8.19,6.49,6.59,8.29,6.41,9.73,7.89,8.95,8.32,7.32,9.95,8.46,8.62,8.13,7.04,8.73,10.97,9.33,8.05,9.01,9.14,8.61,7.67,5.62,-,-
251,KERALA,KANNUR,-,-,8.16,7.31,7.27,7.64,7.88,8.05,7.7,7.97,8.08,7.94,7.79,7.87,6.72,7.91,7.71,7.38,8.22,7.76,8.03,7.92,8.44,8.74,8.01,8.5,10.26,2.27,-
252,KERALA,IDUKKI,-,-,5.01,4.92,5.81,5.22,6.36,6.72,4.96,6.82,6.04,5.09,5.61,7.45,4.46,7.2,4.7,5.96,6.06,6.01,5.9,5.22,6.01,6,6.01,4.6,10.15,3.94,-
253,KERALA,ALAPPUZHA,-,-,4.16,3.55,3.44,3.2,4.44,4.81,4.72,4.59,4.53,3.69,4.58,4.64,4.2,3.76,4.39,3.67,3.5,4.23,4.18,4.24,3.35,3.93,3.85,3.91,10.16,4.33,-
254,KERALA,MALAPPURAM,-,-,7.49,7.35,7.2,7.35,8.15,7.43,7.47,8.07,8.96,8.48,8.05,7.73,7.35,8.24,7.12,7.13,8.9,8.89,8.09,8.37,9.23,9.49,8.58,8.7,10.03,2.27,-
255,KERALA,PATHANAMTHITTA,-,-,6.39,6.24,6.55,6.62,6.46,6.56,6.57,6.73,6.32,6.17,6.18,6.84,5.65,6.39,5.96,5.97,5.62,6.41,6.11,6.03,6.14,6.1,6.19,5.58,10.17,5.05,-
256,KERALA,WAYANAD,-,-,8.22,7.39,8.22,7.87,7.53,6.97,7.81,8.04,8.09,6.92,6.74,7.5,6.83,8.37,7.12,7.45,7.59,7.78,7.27,7.04,7.76,8.03,8.08,7.33,9.99,2.29,-
257,KERALA,THRISSUR,-,-,6.78,6.45,6.37,6.22,6.84,6.31,6.74,6.66,7.25,6.9,7.5,7.36,6.65,7.62,6.86,7.09,7.57,7.31,6.97,6.7,6.9,7.5,7.18,7.29,10.11,2.8,-
258,KERALA,PALAKKAD,-,-,6.53,6.22,5.82,5.76,6.62,6.71,6.41,7.39,8.84,7.22,6.83,7.18,6.08,7.29,6.18,5.67,7.06,9.1,8.55,7.44,8.14,10.06,9.55,8.25,10.1,2.57,-
259,KERALA,ERNAKULAM,-,-,5.52,5.52,5.62,5.44,5.05,5.16,5.45,5.17,5.47,5.2,5.43,6.08,5.18,5.75,5.56,5.34,6.09,5.84,5.34,5.16,5.47,5.52,5.06,4.96,10.14,3.93,-
260,KERALA,KOLLAM,-,-,8.04,7.55,7.66,7.09,8.02,7.99,7.73,7.67,8.11,8,7.97,8.02,7.5,8,7.4,8.09,7.07,8.73,8.41,7.78,9.49,7.9,8,6.75,10.17,5.17,-
261,KERALA,KOTTAYAM,-,-,6.07,5.17,5.72,5.41,5.14,5.68,5.63,5.25,5.56,5.2,5.32,5.81,4.63,5.05,4.95,5.36,5.32,6,4.94,5.09,5.67,5.62,5.09,4.82,10.16,3.92,-
262,KERALA,THIRUVANANTHAPURAM,-,-,8.7,9.02,8.56,8.14,8.68,9.04,8.69,8.91,9.39,7.24,7.23,8.44,7.87,8.63,7.95,7.79,7.89,10.59,8.9,8.75,8.86,9.63,9.36,7.79,10.18,5.19,-
263,KERALA,KASARAGOD,-,-,10.39,10.51,9.75,10.17,10.99,11.08,10.53,11,10.47,10.96,11.15,11.11,9.4,11.51,10.22,10.32,11.19,11.09,10.44,9.68,10.96,10.98,10.38,10.88,10.12,2.25,-
264,KERALA,KOZHIKODE,-,-,5.91,5.73,5.68,5.95,6.12,5.62,5.75,5.76,6.05,5.87,5.96,6.02,5.61,6.04,5.68,5.63,6.3,5.68,5.55,5.45,5.77,5.82,5.8,5.83,9.85,2.28,-
265,LAKSHDWEEP,LAKSHADWEEP,-,-,-,-,-,-,-,-,-,-,-,-,-,-,-,-,-,-,-,-,-,-,-,-,-,-,-,-,-
266,Ladakh,Leh (ladakh),-,3.89,4.15,4.37,3.87,3.8,3.87,4.57,5.1,4.55,-,4.74,4.13,4.31,5.39,4.46,6.2,4.79,2.93,3.83,3.43,4.43,4.76,4.35,6.53,5.47,-,-,-
267,Ladakh,KARGIL,8.01,7.19,5.64,5.55,5.07,6.22,6.67,5.81,8.39,6.03,-,5.32,5.56,4.94,5.05,6.36,7.82,5.51,3.61,7.25,6.53,4.9,7.39,4.84,6.65,8.58,3.18,-,-
268,Ladakh,Ladakh dist1,-,-,-,-,-,-,-,-,-,-,-,-,-,-,-,-,-,-,-,-,-,-,-,-,-,-,-,-,-
269,MADHYA PRADESH,JABALPUR,-,-,7.51,8.19,6.61,7.82,8.36,9.12,9.18,9.16,8.67,9.63,8.63,9.51,9.93,9.64,8.76,9.23,8.67,9.7,8.52,8.5,7.6,9.93,10.35,8.32,4.45,-,-
270,MADHYA PRADESH,RATLAM,-,-,11.16,11.09,8.79,14.26,16.51,22.23,16.54,20.15,13.55,15.78,13.55,13.2,16.36,12.07,15.26,16.14,15.92,21.43,13.68,19.25,25.84,17.98,17.09,20.27,3.59,-,-
271,MADHYA PRADESH,DATIA,-,-,11.48,10.33,10.17,10.87,10.47,12.31,10.87,12.25,12.05,13.86,13.58,15.2,17.44,13.05,13.94,13.14,12.29,11.74,8.66,10.17,10.02,11.43,12.87,11.1,3.8,-,-
272,MADHYA PRADESH,SAGAR,-,-,9.31,9.77,8.23,8.91,9.79,10.45,11.82,11.84,10.52,11.76,11.08,11.99,13.02,12.09,12.05,12.48,12.47,11.93,9.28,11.98,13.67,12.99,11.26,10.54,4.57,-,-
273,MADHYA PRADESH,DHAR,-,-,10.41,9.67,9.31,13.73,17.54,14.22,16.17,14.82,14.44,13.7,14.45,12.21,11.94,14.19,10.39,14.39,12.73,12.78,11.97,12.57,13.29,12.43,12.37,13.78,3.6,-,-
274,MADHYA PRADESH,HARDA,-,-,8.89,9.49,8.12,9.26,8.45,10.64,9.79,11.22,10.68,11.24,11.46,9.26,10.35,10.85,10.15,8.54,8.87,9.78,8.53,8.86,9.31,9.74,10.23,10.77,3.6,-,-
275,MADHYA PRADESH,UJJAIN,-,-,11.1,10.57,8.65,12.75,13.39,18.48,15.87,18.41,13.31,13.32,12.91,12.24,13.75,12.81,16.88,14.11,12.84,15.21,11.51,14.02,15.23,14.43,13.83,14.39,3.59,-,-
276,MADHYA PRADESH,BARWANI,-,-,9.07,8.2,8.21,11.18,12.29,11.38,11.34,18.35,10.87,12.87,14.43,9.62,9.08,11.83,8.64,10.38,11.83,10.32,12.14,10.06,10.23,10.27,9.79,10.31,3.6,-,-
277,MADHYA PRADESH,DINDORI,-,-,5.09,5.57,4.51,5.32,5.35,5.39,6.58,5.83,7.79,8.22,8.43,5.68,5.96,5.66,5.79,6.39,5.47,5.92,5.69,5.59,7.06,6.13,6.39,6.24,4.07,-,-
278,MADHYA PRADESH,MANDSAUR,-,-,11.85,11.78,10.42,15.18,13.8,20.96,15.39,19.06,16.19,15.11,13.01,12.29,14.14,13.45,15.48,14.76,15.78,15.54,14.74,17.18,16.41,15.63,15.67,14.41,3.58,-,-
279,MADHYA PRADESH,GUNA,-,-,8.35,8.97,7.77,8.82,11.84,13.74,10.51,14.79,15.43,11.22,10.96,11.3,12.41,10.33,15.94,14.96,12.95,11.14,9.79,10.15,9.1,9.33,11.43,15.15,3.53,-,-
280,MADHYA PRADESH,NARSIMHAPUR,-,-,11.51,11.92,10.11,10.42,10.84,10.96,12.71,13.06,13.51,13.81,12.4,13.01,13.5,12.1,13.29,13.07,11.44,10.57,11.09,11.32,8.84,9.22,9.85,9.28,4.71,-,-
281,MADHYA PRADESH,EAST NIMAR,-,-,8.77,8.1,7.68,10.69,11.61,17.46,15.82,13.64,11.42,11.56,10.07,10.68,10.96,8.68,8.45,8.25,10.48,8.49,7.38,7.48,8.6,8.19,8.77,7.97,3.6,-,-
282,MADHYA PRADESH,MANDLA,-,-,6.3,6.88,5.07,6.17,6.2,7.29,7.38,7.31,7.44,7.18,7.24,7.11,7.16,7.62,6.81,7.26,6.35,6.17,5.57,5.95,5.63,6.11,7,6.25,4.34,-,-
283,MADHYA PRADESH,KATNI,-,-,8.43,8.9,7.18,8.98,8.67,9.3,9.45,10.03,9.99,10.43,9.26,10.15,11.16,11,10.82,11.54,10.35,9.92,8.5,9.72,9.11,10.52,10.79,9.92,4.09,-,-
284,MADHYA PRADESH,PANNA,-,-,8.36,8.74,7.04,8.76,8.92,10.01,10.1,9.84,9.64,10.09,9.38,10.41,12.13,11.84,11.27,11.99,11.16,9.64,7.99,8.88,8.24,9.84,10.81,10.06,4.11,-,-
285,MADHYA PRADESH,BHIND,-,-,14.38,14.41,13.46,13.53,13.84,14.11,15.14,15.87,15.22,17.04,19.4,20.17,22.5,19.77,15.64,18.9,19,14.65,17.55,17.02,16.67,15.51,16.25,14.5,4.02,-,-
286,MADHYA PRADESH,GWALIOR,-,-,10.36,9.87,9.31,9.66,10.12,11.26,11.08,14.32,12.31,14.48,14.39,14.12,16.82,15.97,15.97,15.08,15.27,15.42,11.52,13.17,11.84,12.8,13.66,14.1,3.95,-,-
287,MADHYA PRADESH,CHHINDWARA,-,-,9.02,9.48,7.7,9.63,9.37,13.7,11.39,13.56,13.75,11.81,10.26,10.82,10.09,13.27,12.64,11.72,9.57,9.5,12.71,11.73,10.04,11.53,11.64,14.35,4.32,-,-
288,MADHYA PRADESH,ALIRAJPUR,-,-,7.33,6.53,6.24,6.95,9.1,12.53,10.75,10.41,7.84,8.89,9.38,7.39,7.64,8.64,6.94,10.76,10.32,9.12,8.23,7.77,8.43,7.87,8.5,9.56,3.6,-,-
289,MADHYA PRADESH,BALAGHAT,-,-,7.68,8.43,6.42,7.64,7.47,8.23,8.18,8.32,7.87,8.43,7.26,7.88,8.12,8.72,8.52,7.92,7.7,8.17,7.03,7.47,7.46,7.57,8.05,7.87,4.76,-,-
290,MADHYA PRADESH,ASHOKNAGAR,-,-,9.57,10.09,8.64,8.67,9.76,10.8,14.2,16.45,11.9,12.22,11.13,12.59,12.08,12.32,13.26,12.61,11.69,12.11,9.1,9.69,8.03,9.85,9.88,9.03,3.51,-,-
291,MADHYA PRADESH,HOSHANGABAD,-,-,7.5,8.18,7.29,7.59,6.6,7.83,7.9,7.96,8.48,9.51,9.47,8.39,8.81,8.94,7.34,8.95,8.94,8.21,7.7,8.78,9.28,8.69,9.47,9.82,3.69,-,-
292,MADHYA PRADESH,JHABUA,-,-,7.53,6.69,5.56,8.89,11.69,13.58,16.74,15.69,15.57,14,12.94,11.68,11.41,11.68,7.15,11.06,11.77,10.4,12.56,9.64,9.16,9.3,10.28,9.79,3.6,-,-
293,MADHYA PRADESH,INDORE,-,-,10.52,9.65,10.74,13.92,14.6,18.85,24.32,17.82,15.25,15.43,16.22,13.48,17.85,15.98,12.46,13.35,13.11,15.52,14.97,15.07,16.6,16.8,17.59,16.79,3.59,-,-
294,MADHYA PRADESH,SHAJAPUR,-,-,11.99,11.78,9.75,11.89,12.07,12.98,12.88,14.44,13.36,14.89,12.49,12.35,12.28,14.34,13.84,13.3,11.62,11.39,10.6,11.16,11.46,10.77,11.21,11.44,3.58,-,-
295,MADHYA PRADESH,SATNA,-,-,9.18,10.55,7.93,9.38,8.6,10.11,9.4,9.83,9.6,10.67,10.23,11.41,12.95,12.67,10.39,13.07,10.97,11.42,8.5,9.04,10.18,10.55,11.31,10.49,4.11,-,-
296,MADHYA PRADESH,BURHANPUR,-,-,12.6,11.71,12.68,11.87,15.92,17.4,15.25,11.14,12.35,14.71,14.23,13.78,13.72,13.25,10.51,12.84,14.06,12.01,12.81,12.22,13.18,11.38,12.87,14.34,3.61,-,-
297,MADHYA PRADESH,SIDHI,-,-,9.39,10.53,7.86,9.9,8.64,8.93,9.02,9.4,9.28,9.92,10.02,9.74,10.65,11.46,10.58,11.28,9.21,10.14,8.09,8.36,9.97,9.65,10.28,9.63,4.11,-,-
298,MADHYA PRADESH,SINGRAULI,-,-,8.09,9.66,6.74,10.61,8.91,9.77,11.15,11.62,9.87,10.42,10.72,10.46,11.18,12.12,11.45,11.63,10.5,10.96,9.15,9.97,11.41,10.4,10.83,10.3,4.1,-,-
299,MADHYA PRADESH,SHAHDOL,-,-,8.08,8.32,6.89,8.38,7.96,8.38,8.45,8.98,8.14,8.86,8.22,8.07,9.56,9.55,8.83,9.41,8.21,8.51,7.97,8.62,9.82,8.76,9.47,8.67,4.1,-,-
300,MADHYA PRADESH,CHHATARPUR,-,-,8.61,8.26,6.96,8.62,7.86,9.04,8.97,8.63,8.15,9.06,9.13,10.38,11.15,10.02,9.33,10.98,9.64,9.62,6.74,9.24,11.2,9.92,10.92,10.03,4.16,-,-
301,MADHYA PRADESH,VIDISHA,-,-,9.34,9.58,8.16,9.78,9.22,10.38,11.72,11.8,11.37,11.03,10.71,10.86,13.08,12.25,10.88,11.52,12.11,11.27,9.58,10.16,10.98,10.71,10.85,11.16,3.57,-,-
302,MADHYA PRADESH,RAJGARH,-,-,11.38,10.87,9.09,10.98,9.91,14.35,13.29,15.82,13.46,12.33,11.37,12.11,13.01,12.79,14.57,13.49,12.89,12.77,11.67,11.57,13.05,10.74,12.69,13.42,3.57,-,-
303,MADHYA PRADESH,ANUPPUR,-,-,7.47,7.43,6.6,7.92,8.27,8.93,7.63,7.99,8.3,8.51,8.07,8,8.37,8.57,7.52,8.09,7.27,7.53,6.87,6.86,8.33,7.32,7.65,8.3,4.09,-,-
304,MADHYA PRADESH,BHOPAL,-,-,10.59,10.98,9.18,12.81,12.95,15.75,15.34,12.68,15.02,13.78,14.12,15.07,12.07,17.93,10.86,17.09,15.57,11.93,11.64,11.11,8.82,12.53,13.13,12.09,3.58,-,-
305,MADHYA PRADESH,DEWAS,-,-,10.49,9.94,8.38,11.93,12.27,17.78,15.49,17.55,13.15,13.16,13.73,13.13,14.22,13.38,11.21,12.35,10.16,13.46,11.15,13.79,11.59,13.76,14.02,13.89,3.59,-,-
306,MADHYA PRADESH,WEST NIMAR,-,-,9.09,8.38,8.29,9.11,11.23,11.66,14.74,11.5,10.09,11.96,11.86,11.56,9.85,14.05,8.73,12.18,11.07,10.27,9.46,9.79,9.42,9.4,9.49,10.45,3.6,-,-
307,MADHYA PRADESH,NEEMUCH,-,-,11.6,9.61,9.88,13.26,9.7,15.58,13.13,13.73,14.08,13.56,9.2,9.15,14.4,10.46,16.48,12.52,11,12.65,9.68,11.73,17.22,11.4,11.65,11.83,3.59,-,-
308,MADHYA PRADESH,SHIVPURI,-,-,10.06,9.26,7.63,9.47,9.64,11.94,11.64,14.41,12.25,12.43,12.92,13.21,12.48,11.1,13.57,12.3,10.92,11.01,9.53,11.08,10.36,12.31,13.09,11.13,3.59,-,-
309,MADHYA PRADESH,RAISEN,-,-,8.73,9.19,7.48,8.86,9.18,10.2,10.85,10.73,9.84,10.5,10.13,10.62,11.5,10.88,8.18,12.18,10.46,9.92,8.92,9.2,9.04,9.95,9.96,11.03,3.77,-,-
310,MADHYA PRADESH,REWA,-,-,11.08,12.07,10.47,10.79,10.24,11.64,10.57,11.2,11.29,12.24,11.85,12.87,15.27,14.11,14.58,13.79,14.26,11.38,9.97,10.27,10.76,12.22,12.55,11.01,4.11,-,-
311,MADHYA PRADESH,DAMOH,-,-,9.09,9.25,7.52,8.73,10.09,10.05,11.73,11.36,10.29,10.87,11.02,11.28,12.25,10.39,10.78,12.41,10.99,12.03,9.31,10.13,5.9,12.12,12.17,10.7,4.48,-,-
312,MADHYA PRADESH,BETUL,-,-,9.23,8.91,7.18,11.25,9.2,9.87,9.58,14.43,11.3,11.07,10.5,9.02,9.86,11.05,9.64,9.83,12.12,9.18,11.29,9.87,10.59,11.03,9.86,10.72,3.64,-,-
313,MADHYA PRADESH,SHEOPUR,-,-,10.74,10.77,10.25,10.67,11.62,14.38,15.48,21.54,15.29,15.07,15.98,15.77,17.82,15.61,18.28,18.32,15.92,13.14,10.31,12.25,11.63,12.34,14.4,12.24,3.55,-,-
314,MADHYA PRADESH,SEONI,-,-,7.44,7.81,6.22,9.24,7.09,9.39,9.17,9.07,8.7,8.76,7.92,8.67,8.6,9.28,8.77,8.6,8.27,7.65,7.22,6.98,6.09,7.18,7.76,7.78,4.82,-,-
315,MADHYA PRADESH,TIKAMGARH,-,-,8.27,7.61,6.3,7.61,7.04,7.6,8.1,8.61,8.03,9.55,9.67,10.32,10.93,8.24,7.88,10.49,8.71,8.58,5.97,7.82,9.64,10.18,10.84,8.64,4.28,-,-
316,MADHYA PRADESH,MORENA,-,-,10.55,10.27,10.56,10.79,11.34,13.24,13.5,14.66,15.68,16.55,15.34,15.67,18.42,16.04,15.52,16.78,16.36,16.5,13.66,16.98,19.05,16.64,17.56,17.31,3.82,-,-
317,MADHYA PRADESH,UMARIA,-,-,7.81,7.88,6.4,7.83,7.63,7.87,8.09,8.09,8.12,8.57,7.71,7.66,8.95,8.6,8.4,8.98,8.33,7.54,9.14,9.57,12.4,8.44,9.18,8.11,4.09,-,-
318,MADHYA PRADESH,SEHORE,-,-,9.44,9.02,7.79,11.76,11.49,13.11,11.9,12.49,12.22,14.52,14.21,13.76,12.41,15.11,10.31,13,10.82,12.63,11.54,11.59,10.9,12.7,12.21,12.75,3.59,-,-
319,MAHARASHTRA,SINDHUDURG,-,-,7.45,7.21,7.38,5.68,6.48,7.22,7.51,8.15,7.03,7.48,2.82,7.05,7.51,8.5,6.72,7.6,8.5,7.49,6.92,7.43,8.2,8.03,6.95,7.8,3.47,-,-
320,MAHARASHTRA,KOLHAPUR,-,-,6.98,6.62,6.21,5.88,6.66,6.63,6.98,7.08,7.47,6.69,5.22,6.48,6.75,6.63,5.69,5.76,5.93,5.88,4.64,5.44,6.13,4.96,2.81,6.02,3.51,-,-
321,MAHARASHTRA,YAVATMAL,-,-,7.15,7.28,7.54,7.31,7.1,7.85,7.64,7.57,8.19,8.67,7.51,7.72,8.03,8.3,9.53,7.23,8.52,6.99,6.5,7.73,9.51,8.52,9.04,8.68,3.99,-,-
322,MAHARASHTRA,OSMANABAD,-,-,9.17,8.11,8.62,8.34,10.69,8.81,8.48,11.88,10.69,12.97,8.77,9.61,8.78,8.46,12.23,8.31,8.62,11,10,9.11,10.63,10.49,8.12,11.2,3.64,-,-
323,MAHARASHTRA,PARBHANI,-,-,9.32,8.15,7.23,6.2,7.08,7.89,8.58,13.29,10.6,10.63,8.79,9.25,9.61,11.12,13.3,8.51,10.06,12.95,8.56,10.58,14.28,11.42,10.01,13.37,3.68,-,-
324,MAHARASHTRA,THANE,-,-,4.67,4.4,4.21,4.24,3.38,4.58,4.29,5.2,4.55,4.98,5.38,4.99,2.28,5.23,4.79,5.33,6.37,2.15,4.92,4.94,5.59,5.92,5.58,6.24,8.33,-,-
325,MAHARASHTRA,SATARA,-,-,7.65,6.88,7.32,6.07,7.11,6.88,7.22,7.44,8.78,7.77,6.95,7.6,8.14,6.2,6.32,6.82,6.86,7.98,7.26,6.69,8.63,8.35,6.23,8.49,3.92,-,-
326,MAHARASHTRA,NASHIK,-,-,7.65,7.71,6.75,7.2,6.63,9.38,9.38,9.05,11.39,8.93,8.18,7.42,8.49,7.67,10.09,8.1,7.64,9.69,8.41,8.82,10.73,9,9.64,12.35,8.32,-,-
327,MAHARASHTRA,RATNAGIRI,-,-,7.01,7.63,7.25,6.78,7.08,7.2,8.31,7.93,14.75,8.4,5.56,7.43,8.12,7.58,7.34,8.46,8.63,8.47,8.3,7.89,8.62,9.26,7.63,7.91,4.26,-,-
328,MAHARASHTRA,AMRAVATI,-,-,8.82,9.99,8.47,8.25,7.77,9.94,10.22,9.09,11.57,11.13,9.34,10.12,9.39,8.51,10.06,8.27,9.5,10.6,9.41,8.71,11.64,10.28,11.42,12.49,7.12,-,-
329,MAHARASHTRA,BHANDARA,-,-,8.77,8.78,6.38,7.61,8.1,8.58,9.34,8.85,8.02,9.21,7.69,8.63,8.47,8.75,9.41,7.6,8.59,9.11,7.4,8.26,9.73,9.93,9.8,9.78,5.03,-,-
330,MAHARASHTRA,PUNE,-,-,6.86,6.08,6.05,5.15,4.95,5.92,5.92,6.62,7.25,6.44,6.36,5.53,5.8,6.33,7.09,5.96,6.54,7.05,5.88,6.1,7.3,6.87,6.36,7.68,6.74,-,-
331,MAHARASHTRA,GONDIYA,-,-,7.8,8.61,7.05,7.64,7.6,8.29,8.61,8.36,7.33,8.16,6.88,8.71,7.89,8.37,9.29,7.3,7.88,8.03,6.46,7.6,8.64,8.49,9.07,8.67,5.28,-,-
332,MAHARASHTRA,RAIGARH,-,-,3.96,3.92,4.22,3.26,2.53,3.62,3.98,4.02,6.16,2.65,3.69,3.92,4.19,4.41,3.97,3.76,4.72,4.66,4.2,3.62,4.11,3.88,4.08,4.32,8.08,-,-
333,MAHARASHTRA,AURANGABAD,-,-,11.66,9.9,8.25,6.7,8.7,11.13,10.66,10.71,10.31,10.45,9.97,8.83,10.34,10.77,10.68,7.69,10.11,13.19,9.83,13.32,13.52,11.74,11.89,12.93,8.3,-,-
334,MAHARASHTRA,JALNA,-,-,11.16,10.21,9.26,7.67,8.79,9.51,9.58,9.8,11.56,10.86,9.58,10.5,10.71,11.01,11.11,7.95,10.07,11.3,8.41,11.52,13.43,10.09,9.75,12.81,6.74,-,-
335,MAHARASHTRA,LATUR,-,-,10.71,9.53,9.09,8.73,9.02,9.6,10.8,12.1,14.04,14.89,12.26,11.22,13.59,12.17,16.46,12.74,11.31,10.86,9.44,12.72,14.87,10.92,11.86,14.76,3.7,-,-
336,MAHARASHTRA,BULDANA,-,-,10.31,10.14,10.07,7.78,8.99,9.93,9,10.14,9.9,10.75,11.14,9.37,10.68,10.68,10.81,8.65,11.31,12.29,9.15,10.18,11.54,12.04,11.6,12.6,8.17,-,-
337,MAHARASHTRA,NANDURBAR,-,-,9.73,9.5,8.55,8.64,8.82,13.17,12.86,13.8,12.28,13.72,13.04,14.54,14.35,14,15,9.13,8.97,10.9,7.47,10.48,9.84,10.22,10.68,11.6,7.88,-,-
338,MAHARASHTRA,SOLAPUR,-,-,9.18,7.19,8.21,6.58,8.27,8.19,7.81,9.64,10.79,10.62,8.86,10.09,8.46,8.29,8.35,6.51,7.32,11.15,9.57,8.09,10.74,9.7,8.4,11.19,3.58,-,-
339,MAHARASHTRA,CHANDRAPUR,-,-,7.48,8.16,7.37,7.15,6.79,7.63,7.7,7.61,7.35,8.57,7.65,7.91,7.49,7.78,9.91,7.61,7.79,7.56,6.93,7.65,7.36,6.93,7.75,8.66,3.88,-,-
340,MAHARASHTRA,WASHIM,-,-,8.31,8.27,7.61,7.32,7.94,9.46,7.74,8.7,9.23,10.44,8.42,8.19,8.46,9.39,9.97,8.51,10.18,8.11,6.64,8.25,9.68,11.41,11.34,11.47,4.82,-,-
341,MAHARASHTRA,MUMBAI SUBURBAN,-,-,4.16,4.11,3.37,3.28,3.16,4.25,3.8,5.03,3.71,6.29,5.67,5.48,4.42,4.68,5.81,6.79,6.14,1.9,4.8,5.94,7.95,4.12,4.91,5.08,8.34,-,-
342,MAHARASHTRA,MUMBAI,-,-,3.12,3.79,2.93,2.66,1.84,2.63,3.09,3.81,3.13,3.99,4.2,4.25,2.95,3.64,4.75,4.59,4.94,3.19,3.27,4.26,5.52,3.54,4.35,5.13,8.34,-,-
343,MAHARASHTRA,WARDHA,-,-,8.16,8.24,7.1,7.44,7.14,8.35,8.61,8.45,8.36,9.33,7.83,8.05,7.69,9.38,9.29,6.88,8.97,7.76,7.01,8.15,9.57,8.29,8.22,9.08,5.3,-,-
344,MAHARASHTRA,JALGAON,-,-,10.66,9.95,10.67,10.44,11.73,12.58,10.77,12.35,14.73,14.22,16.07,11.88,13.44,13.43,14.37,13.73,11.78,12.61,11.23,10.94,13.86,13.14,13.26,15.87,8.29,-,-
345,MAHARASHTRA,AHMADNAGAR,-,-,10.57,8.66,8.78,6.56,7.84,9.36,9.09,10.6,11.31,10.39,9.87,8.37,8.91,8.29,12.28,8.7,8.75,9.9,8.82,9.94,14.3,10.23,9.92,13.57,7.32,-,-
346,MAHARASHTRA,HINGOLI,-,-,7.98,7.3,6.93,7.5,7.73,7.08,6.95,36.19,8.79,11.51,7.86,7.87,9.13,12.12,10.3,7.94,7.81,8.69,7.91,8.8,11.04,10.29,10.39,11.26,3.62,-,-
347,MAHARASHTRA,SANGLI,-,-,7.88,6.71,7.27,6.27,7.1,8.65,7.75,8.27,10.33,9.8,10.03,7.56,8.34,6.66,7.04,7.03,7.96,8.87,7.47,6.8,10.07,7.9,6.02,8.52,3.53,-,-
348,MAHARASHTRA,DHULE,-,-,9.62,8.81,8.06,8.28,8.3,10.89,9.49,8.87,9.75,10.22,10.53,9.63,8.86,9.65,10.34,8.69,7.4,11.34,8.14,8.5,10.04,8.78,9.36,12.17,8.31,-,-
349,MAHARASHTRA,NANDED,-,-,8.09,7.99,8,7.27,7.59,10.47,7.38,10.54,8.29,9.33,7.9,8.94,10.46,9.92,12.84,8.48,10.31,8.34,6.98,9.54,10.71,9.5,9.85,9.65,3.84,-,-
350,MAHARASHTRA,NAGPUR,-,-,7.73,8.2,6.27,6.91,6.31,8.13,8.37,8.69,8.1,8.96,7.78,8.16,7.98,9.36,7.76,6.85,7.66,8.37,6.57,7.93,8.84,9.25,9.19,9.29,5.54,-,-
351,MAHARASHTRA,BID,-,-,10.69,8.93,8.83,7.36,8.13,8.68,8.47,8.6,9.31,10.08,9.19,8.27,8.92,8.96,11.53,7.2,7.64,10.22,9.01,9.93,11.28,9.02,9.99,12.98,3.95,-,-
352,MAHARASHTRA,GARHCHIROLI,-,-,8.36,8.66,8.48,7.98,7.88,8.31,8.6,8.82,7.92,8.71,7.93,7.54,8.23,9.36,9.68,7.99,8.48,8.57,7.25,8.42,8.1,7.92,8.02,7.65,4.21,-,-
353,MAHARASHTRA,AKOLA,-,-,10.97,12.98,11.92,11.02,10.86,12.43,11.95,13.3,14.19,13.94,13.23,12.56,12.34,11.69,11.45,10.83,12.72,12.25,11.16,11.24,13.24,14.78,14.89,13.93,8.19,-,-
354,MANIPUR,UKHRUL,-,-,-,-,-,-,-,-,-,-,-,2.8,-,-,-,-,-,-,-,-,-,-,-,-,-,-,-,-,-
355,MANIPUR,IMPHAL WEST,-,-,-,-,-,-,-,-,-,-,-,2.99,-,-,-,-,-,-,-,-,-,-,-,-,-,-,-,-,-
356,MANIPUR,CHURACHANDPUR,-,-,-,-,-,-,-,-,-,-,-,2.22,-,-,-,-,-,-,-,-,-,-,-,-,-,-,-,-,-
357,MANIPUR,THOUBAL,-,-,-,-,-,-,-,-,-,-,-,1.7,-,-,-,-,-,-,-,-,-,-,-,-,-,-,-,-,-
358,MANIPUR,CHANDEL,-,-,-,-,-,-,-,-,-,-,-,1.81,-,-,-,-,-,-,-,-,-,-,-,-,-,-,-,-,-
359,MANIPUR,BISHNUPUR,-,-,-,-,-,-,-,-,-,-,-,2.1,-,-,-,-,-,-,-,-,-,-,-,-,-,-,-,-,-
360,MANIPUR,SENAPATI,-,-,-,-,-,-,-,-,-,-,-,3.18,-,-,-,-,-,-,-,-,-,-,-,-,-,-,-,-,-
361,MANIPUR,IMPHAL EAST,-,-,-,-,-,-,-,-,-,-,-,3.08,-,-,-,-,-,-,-,-,-,-,-,-,-,-,-,-,-
362,MANIPUR,TAMENGLONG,-,-,-,-,-,-,-,-,-,-,-,3.21,-,-,-,-,-,-,-,-,-,-,-,-,-,-,-,-,-
363,MEGHALAYA,RI BHOI,-,-,1.55,1.24,1.03,2.13,1.51,1.63,1.37,1.66,0.96,1.22,2.23,1.01,2.09,2.03,1.64,2.48,2,2.25,3.13,1.38,2.21,1.64,2.41,2.75,1.7,-,-
364,MEGHALAYA,WEST KHASI HILLS,-,-,2.27,2.15,2.54,3.02,2.92,2.26,2.03,2.12,2.51,2.31,2.7,2.05,3.18,3.37,2.89,3.27,3.43,3.03,4.02,2.73,2.98,2.84,3.11,3.27,1.91,-,-
365,MEGHALAYA,EAST KHASI HILLS,-,-,1.53,1.71,1.31,1.79,2.06,1.89,1.73,2.13,1.29,2.05,2.66,1.3,2.38,2.52,2.4,2.97,2.54,1.94,3.5,1.58,1.53,0.88,1.67,1.33,1.03,-,-
366,MEGHALAYA,EAST GARO HILLS,-,-,1.87,2.22,2.58,2.74,3.05,2.1,1.78,1.73,2.46,1.81,2.17,1.7,3.02,3,2.43,2.78,3.23,3.57,3.94,3.38,3.77,4,3.73,4.35,2.74,-,-
367,MEGHALAYA,SOUTH GARO HILLS,-,-,3.39,3.62,3.62,3.83,3.01,3,2.01,2.72,3.42,2.52,3.16,2.01,3.5,3.87,3.69,3.17,3.8,3.62,3.95,4.04,3.77,3.96,3.57,4.47,2.69,-,-
368,MEGHALAYA,JAINTIA HILLS,-,-,2.15,2.07,0.74,1.65,1.77,2.48,2.08,2.55,1.07,2.14,2.51,1.21,2.54,2.13,1.63,2.32,1.75,1.79,3.18,1.81,1.44,1.02,1.57,1.36,1.39,-,-
369,MEGHALAYA,WEST GARO HILLS,-,-,2.82,3.14,2.65,3.13,3,3.23,1.98,2.64,3.18,1.8,2.96,2.66,3.38,3.7,3.33,3.26,4.1,3.95,4.24,4.04,4.02,4.09,3.91,4.53,2.63,-,-
370,MIZORAM,KOLASIB,-,-,-,-,-,-,-,-,-,-,-,-,-,-,-,-,-,-,-,-,-,-,-,-,-,-,-,-,-
371,MIZORAM,CHAMPHAI,-,-,-,-,-,-,-,-,-,-,-,-,-,-,-,-,-,-,-,-,-,-,-,-,-,-,-,-,-
372,MIZORAM,LAWANGTLAI,-,-,-,-,-,-,-,-,-,-,-,-,-,-,-,-,-,-,-,-,-,-,-,-,-,-,-,-,-
373,MIZORAM,SAIHA,-,-,-,-,-,-,-,-,-,-,-,-,-,-,-,-,-,-,-,-,-,-,-,-,-,-,-,-,-
374,MIZORAM,LUNGLEI,-,-,-,-,-,-,-,-,-,-,-,-,-,-,-,-,-,-,-,-,-,-,-,-,-,-,-,-,-
375,MIZORAM,AIZAWL,-,-,-,-,-,-,-,-,-,-,-,-,-,-,-,-,-,-,-,-,-,-,-,-,-,-,-,-,-
376,MIZORAM,SERCHHIP,-,-,-,-,-,-,-,-,-,-,-,-,-,-,-,-,-,-,-,-,-,-,-,-,-,-,-,-,-
377,MIZORAM,MAMIT,-,-,-,-,-,-,-,-,-,-,-,-,-,-,-,-,-,-,-,-,-,-,-,-,-,-,-,-,-
378,NAGALAND,TUENSANG,-,4.28,-,-,-,-,-,5.51,-,3.13,-,-,-,5.31,5.4,2.83,5.26,4.69,-,5.17,8.57,4.15,4.59,2.62,-,-,-,-,-
379,NAGALAND,PEREN,-,4.7,-,-,-,-,-,5.12,-,3.14,-,-,-,6.84,5.81,2.85,5.38,5.21,-,6.16,5.7,5.75,6.09,2.74,-,-,-,-,-
380,NAGALAND,WOKHA,-,4.45,-,-,-,-,-,5.61,-,2.78,-,-,-,6.83,6.18,4.36,5.34,5.56,-,6.75,8.37,4.67,6.04,3.93,-,-,-,-,-
381,NAGALAND,LONGLENG,-,4.09,-,-,-,-,-,5.57,-,3.02,-,-,-,4.54,4.71,2.89,5.3,4.38,-,5.03,8.33,4.09,4.27,2.36,-,-,-,-,-
382,NAGALAND,ZUNHEBOTO,-,4.44,-,-,-,-,-,5.46,-,2.94,-,-,-,6.47,6.11,3.61,5.23,6.06,-,5.35,8.65,3.98,5.22,2.78,-,-,-,-,-
383,NAGALAND,MOKOKCHUNG,-,4.27,-,-,-,-,-,5.58,-,2.9,-,-,-,4.54,4.63,2.89,5.31,4.33,-,5,8.34,4,4.21,2.62,-,-,-,-,-
384,NAGALAND,MON,-,3.9,-,-,-,-,-,5.57,-,3,-,-,-,3.94,4.19,2.49,5.3,4.39,-,5.09,8.33,4.17,4.1,1.98,-,-,-,-,-
385,NAGALAND,KIPHIRE,-,4.42,-,-,-,-,-,5.44,-,3.29,-,-,-,5.86,5.5,3.26,5.22,6.55,-,5.29,8.83,4.27,5.17,2.81,-,-,-,-,-
386,NAGALAND,PHEK,-,4.53,-,-,-,-,-,5.29,-,3.61,-,-,-,7.59,6.92,4.1,5.11,6.9,-,5.75,8.79,4.59,5.07,2.83,-,-,-,-,-
387,NAGALAND,KOHIMA,-,4.65,-,-,-,-,-,5.19,-,4.03,-,-,-,8.13,7.08,4.1,5.02,7.02,-,5.7,8.62,5.13,5.26,2.89,-,-,-,-,-
388,NAGALAND,DIMAPUR,-,4.85,-,-,-,-,-,5.52,-,3.87,-,-,-,7.43,6.32,3.65,5.56,6.07,-,7.27,6.98,6.53,7.18,4.25,-,-,-,-,-
389,ODISHA,MAYURBHANJ,-,7.97,8.12,7.4,6.45,7.25,7.27,7.42,7.91,7.89,8.18,7.41,7.63,7.66,7.61,8.01,8.03,7.47,7.79,8.09,6.54,6.66,6.66,6.93,5.68,4.7,3.29,-,-
390,ODISHA,CUTTACK,-,4.16,4.3,4.28,3.99,4.85,3.76,4.65,4.23,4.66,4.23,4.24,4.69,4.26,4.68,4.61,4.47,4.58,3.97,4.43,4.07,4.03,4.78,4.9,4.54,3.88,2.08,-,-
391,ODISHA,JHARSUGUDA,-,5.68,6.17,5.97,5.61,5.53,5.95,7.12,6.27,6.37,5.82,5.66,5.94,6.42,5.56,5.85,5.95,5.69,5.54,5.26,5.14,5.13,5.46,5.86,5.43,5.1,2.25,-,-
392,ODISHA,KORAPUT,-,7.33,7.17,6.85,7.57,6.73,7.3,7.67,6.75,6.56,6.1,7.24,6.77,6.17,6.07,6.67,6.73,5.77,6.76,6.5,6.52,6.06,6.82,6.61,6.48,6.37,4.33,-,-
393,ODISHA,SAMBALPUR,-,5.66,6.27,6.18,5.49,6.06,6.16,6.81,6.51,6.71,6.4,6.57,6.44,6.23,5.87,6.46,7.21,6.79,6.29,5.85,5.43,5.7,6.09,6.09,5.75,5.24,2.52,-,-
394,ODISHA,KENDUJHAR,-,6.72,6.85,6.28,5.78,6.73,6.38,6.78,6.79,6.98,7.12,6.43,5.76,6.25,6.57,6.88,7.17,6.37,6.42,7.32,5.92,5.98,6.04,6.24,5.71,4.66,2.94,-,-
395,ODISHA,KENDRAPARA,-,3.08,2.99,3.23,3.08,3.3,2.77,3.33,3.67,3.03,3.15,3.12,3.67,2.79,3.24,3.19,3.16,3.69,3.65,4.03,3.88,2.98,3.38,2.84,3.07,2.93,1.54,-,-
396,ODISHA,MALKANGIRI,-,6.01,6.5,6.28,6.31,5.71,5.54,5.66,5.41,7.87,4.87,5.33,5.42,4.96,4.97,5,6.35,4.65,4.93,3.78,4.66,4.85,4.34,5.26,5.2,4.81,1.83,-,-
397,ODISHA,JAGATSINGHAPUR,-,3.33,3.09,3.12,3.15,3.01,2.36,2.97,2.81,2.76,2.7,2.75,3.05,2.25,2.51,2.67,2.72,3.11,3.29,3.37,3.37,2.77,3.4,2.81,3,2.84,1.58,-,-
398,ODISHA,BALANGIR,-,5.25,6.12,6.54,5.43,6.09,5.85,6.6,6.06,6.11,5.78,5.61,5.86,5.99,6.09,6.4,5.96,5.12,6.14,5.44,4.6,5.47,5.4,5.64,4.32,4.79,3.02,-,-
399,ODISHA,BHADRAK,-,3.89,3.79,3.62,3.62,5.25,3.6,3.86,3.95,3.47,3.54,3.21,4.42,3.42,3.93,3.64,3.55,3.86,5.68,6.43,5.44,4.17,4.42,3.66,3.29,3.67,0.89,-,-
400,ODISHA,SUBARNAPUR,-,4.7,5.65,5.6,4.69,5.13,5.04,5.29,5.85,5.16,5.37,5.45,5.37,5.38,5.38,5.67,5.37,5.15,5.29,4.54,4.57,4.78,5.11,5.29,4.72,4.54,2.79,-,-
401,ODISHA,KHORDHA,-,6.36,6.49,6.35,6.05,7.82,6.09,7.06,6.76,6.79,6.37,6.52,6.74,5.97,6.03,6.54,6.72,6.02,6.39,6.16,5.71,5.63,6.41,6.73,5.68,4.81,2.64,-,-
402,ODISHA,RAYAGADA,-,5.59,5.73,5.98,5.92,5.89,6.17,5.87,5.84,6.1,5.73,6.05,6.75,5.48,5.14,5.78,6.21,4.95,5.6,5.38,5.35,4.48,5.74,6.01,5.15,4.95,2.75,-,-
403,ODISHA,SUNDARGARH,-,6.53,7.44,7.6,5.22,6.75,6.59,7.57,7.23,7.46,6.81,6.86,7.06,7.31,6.35,6.37,7.86,7.71,6.57,6.68,6.13,6.12,6.66,7.23,6.37,6.22,2.81,-,-
404,ODISHA,KANDHAMAL,-,8.09,8.44,9.04,8.34,8.78,8.22,8.77,8.51,9.03,8.38,8.54,8.02,6.25,8.1,7.42,7.27,5.77,5.89,5.73,5.3,5.46,5.98,6.76,7.64,6.44,5.71,-,-
405,ODISHA,PURI,-,3.91,3.71,4.01,4.01,5.03,3.71,4.73,4.7,4.41,4.18,3.91,3.84,3.81,4.35,3.98,4.25,4,4.57,4.21,4.16,3.75,4.34,4.24,3.51,3.26,1.72,-,-
406,ODISHA,NUAPADA,-,5.65,6.92,7.06,6.18,5.92,5.81,6.86,6.46,7.4,7.4,6.76,6.77,6.51,5.53,7.19,7.02,5.58,5.86,5.48,4.92,5.28,5.77,5.99,4.93,4.85,3.14,-,-
407,ODISHA,BAUDA,-,5.69,6.49,6.76,6.12,6.83,6.1,6.33,6.67,6.57,6.78,6.56,6.11,5.87,5.61,6.34,6.32,6.13,6.08,5.63,4.74,5.45,6.33,6.35,6.24,5.04,2.84,-,-
408,ODISHA,ANUGUL,-,5.6,6.29,6.12,5.76,6.61,6,6.42,6.29,6.39,6.73,6.23,6.16,5.98,6,6.42,6.4,6.79,5.87,6.53,5.87,6.19,7.16,6.61,6.62,5.98,3.36,-,-
409,ODISHA,DHENKANAL,-,6.19,6.99,6.17,5.73,6.72,6.02,6.68,6.47,6.56,6.36,6.31,6.46,6.11,5.91,6.7,6.62,6.5,6.51,6.68,5.92,5.96,6.97,6.72,6.54,5.5,3.04,-,-
410,ODISHA,GAJAPATI,-,7.08,6.59,6.32,6.53,7.07,7.12,6.73,6.83,7.5,6,7.14,6.45,7.11,7.11,5.1,6.99,5.46,7.03,5.95,5.31,4.68,5.19,5.94,5.3,3.57,2.2,-,-
411,ODISHA,DEBAGARH,-,5.57,6.41,6.42,5.17,5.9,5.89,6.41,6.53,6.89,6.76,6.52,6.03,6.13,5.81,6.6,6.77,6.55,5.54,5.79,5.12,5.97,6.86,7.02,5.91,5.26,2.18,-,-
412,ODISHA,NABARANGAPUR,-,6.02,6.67,6.14,5.57,6.2,6.62,6.16,5.51,7.15,5.49,6.4,6.61,5.71,5.71,6.51,6.62,4.31,5.79,5.48,5.37,3.92,6.27,6.04,5.67,5.29,2.8,-,-
413,ODISHA,BARGARH,-,5.34,6.24,6.28,5.37,5.38,5.96,6.08,5.72,5.54,5.73,5.27,6.25,5.46,5.24,5.31,5.65,4.71,4.85,4.33,4.43,4.3,4.85,5.08,4.24,4.11,2.81,-,-
414,ODISHA,NAYAGARH,-,5.67,6.02,5.99,5.16,6.82,5.98,6.28,6.35,6.42,5.76,6,5.95,5.81,6.39,6.44,6.43,5.6,6.01,5.55,4.59,5.53,5.74,6.27,5.12,4.53,2.02,-,-
415,ODISHA,BALESHWAR,-,5.74,5.69,4.95,4.75,5.85,5.26,5.48,5.78,5.5,5.62,4.99,5.21,4.82,4.73,4.78,4.63,4.42,6.77,7.02,5.58,5.48,5.17,4.19,3.66,4.35,1.91,-,-
416,ODISHA,JAJAPUR,-,4.31,4.39,3.5,3.92,4.46,3.7,4.19,4.08,4.22,3.99,3.81,3.91,3.59,4.05,5.05,4.58,4.65,5.46,6.71,5.52,5.08,5.56,4.82,4.77,3.77,2.31,-,-
417,ODISHA,GANJAM,-,5.74,5.43,5.6,4.89,5.53,5.03,5.18,5.59,5.97,4.96,5.68,5.31,5.26,6.34,5.54,5.42,4.32,5.41,5.08,4.16,4.29,4.05,5.06,4.1,3.15,2.2,-,-
418,ODISHA,KALAHANDI,-,5.75,6.29,6.55,5.64,6.27,6.3,6.39,5.76,6.49,5.36,5.56,5.65,5.49,5.31,6.07,5.95,4.61,5.85,5.63,5.31,4.78,6.16,6.18,5.2,5.01,2.78,-,-
419,PONDICHERRY,KARAIKAL,-,-,-,-,-,-,-,-,-,-,-,6.06,2.5,2.71,2.12,2.57,2.8,2.72,6.16,4.74,15.23,14.42,2.44,5.11,2.48,2.96,2.03,-,-
420,PONDICHERRY,YANAM,-,-,-,-,-,-,-,-,-,-,-,2.92,2.33,2.56,2.31,2.95,2.44,2.18,2.82,2.25,2.55,2.03,3.04,4.05,3.38,4,11.73,-,-
421,PONDICHERRY,PUDUCHERRY,-,-,-,-,-,-,-,-,-,-,-,11.21,6.88,8.91,8.63,9.43,8.65,6.71,6.52,2.96,18.18,17.71,16.67,19.48,2.43,18.54,17.89,-,-
422,PONDICHERRY,MAHE,-,-,-,-,-,-,-,-,-,-,-,11.54,6.9,9,8.72,9.17,8.42,6.44,6.24,3.9,27.28,26.58,23.94,22.6,2.43,25.72,25.39,-,-
423,PUNJAB,AMRITSAR,-,-,7.78,6.28,6.54,7.9,9.96,8.77,9.39,10.07,11.11,10.46,11.03,10.69,10.46,10.23,12.25,11.55,12.69,12.98,12.78,13.37,13.5,13.85,14.89,14.44,14.98,146.93,-
424,PUNJAB,SANGRUR,-,-,26.86,29.74,9.29,9.37,10.78,11.65,12.63,13.88,14.15,14,15.99,16.77,20.03,19.98,21.03,21.86,21.55,28.54,27.49,29.14,29.55,31.5,32.96,33.42,34.43,148.28,-
425,PUNJAB,TARN TARAN,-,-,8.36,9.13,8.32,8.35,10.32,9.48,11.95,12.42,12.93,13.21,11.99,9.74,13.99,14.25,15.03,15.19,15.03,15.54,15.38,15.91,17,17.37,18.27,18.52,19.18,146.04,-
426,PUNJAB,MUKTSAR,-,-,3.71,3.89,3.12,3.03,3.28,3.31,3.15,3.81,3.42,3.97,3.62,3.26,3.54,3.47,4.36,2.89,3.12,3,3.02,3.4,3.37,3.76,3.79,4.39,4.09,141.47,-
427,PUNJAB,FARIDKOT,-,-,4.47,4.64,3.95,4.71,5.12,5.73,5.9,6.35,6.98,7.02,6.85,6.69,7.21,7.38,7.8,7.92,7.1,7.87,7.62,7.78,7.02,8.21,8.45,10.65,9.86,140.75,-
428,PUNJAB,BARNALA,-,-,9.9,14.75,10.5,9.92,11.49,12.5,13.9,15.59,16.07,15.17,16.89,18.35,20.66,19.83,22.02,23.29,21.25,25.16,26.12,26.63,28.85,30.45,32.14,33.79,35.41,145.35,-
429,PUNJAB,SAHIBZADA AJIT SINGH NAGAR,-,-,8.01,7.82,7.13,7.09,8.23,8.2,8.18,8.56,8.9,9.41,8.57,8.25,11.44,11.7,10.15,10.09,9.96,17.03,12.12,15.38,10.12,14.48,23.49,23.02,12.28,151.29,-
430,PUNJAB,HOSHIARPUR,-,-,10.44,8.17,8.08,7.81,9.47,9.2,11.22,8.77,13.64,12.54,12.91,12.6,13.21,13.58,13.6,14.1,10.29,15.57,14.12,15.44,13.3,16.59,15.54,17.99,11.55,153.59,-
431,PUNJAB,JALANDHAR,-,-,10.84,10.11,9.34,8.57,8.16,8.65,12.23,13.51,14.2,15.65,16.01,17.2,18.44,19.68,19.27,18.82,15.22,21.72,20.56,20.88,23.12,25.04,24.69,23.72,24.59,151.92,-
432,PUNJAB,GURDASPUR,-,-,6.76,5.42,5.55,6.3,6.12,6.56,7.16,7.87,8.65,9.47,8.52,8.44,6.52,6.93,7.69,7.74,8.47,8.27,7.14,6.61,8.83,8.56,8.8,7.54,7.07,149.05,-
433,PUNJAB,PATIALA,-,-,9.94,10.55,9.23,8.66,9.71,10.24,13.73,13.26,13.81,12.94,14.94,16.3,18,18,18.05,19.67,19.66,25.03,25.57,26.87,25.81,28.22,30.71,29.73,29.35,149.75,-
434,PUNJAB,MANSA,-,-,3.65,4.57,3.51,3.38,4.78,5.87,6.71,7.4,7.51,8.72,8.32,9.22,9.92,10.14,11.02,11.36,10.4,11.27,11.21,11.71,12.33,13.77,14.16,14.3,16.71,143.43,-
435,PUNJAB,KAPURTHALA,-,-,7.97,8.12,9.14,8.45,7.5,8.04,11.66,13.74,14.07,14.05,14.3,13.92,17.19,15.07,16.73,15.76,16.43,18.04,14.51,15.04,18.58,19.48,17.67,18.2,19.85,150.04,-
436,PUNJAB,BATHINDA,-,-,7.93,9.05,7.85,7.37,7.76,8.55,9.06,9.75,9.67,10.08,10.11,10.69,11.27,11.07,12.17,12.13,10.99,12.89,12.66,13.38,13.93,15.28,15.63,16.47,17.48,142.73,-
437,PUNJAB,FATEHGARH SAHIB,-,-,10.12,10.29,9.95,9.16,10.5,10.58,12.21,13.11,13.32,14.07,15.16,17.01,18.29,17.94,19.96,19.09,19.18,19.21,19.09,20.06,20.26,23.18,23.9,23.02,22.53,150.79,-
438,PUNJAB,MOGA,-,-,9.6,9.77,9.4,9.86,10.96,10.7,13.16,15.32,13.82,13.68,14.52,13.85,16.4,16.03,16.87,17.29,15.3,22.44,22.05,20.9,23.36,25.07,24.29,25.55,27.82,145.63,-
439,PUNJAB,SHAHID BHAGAT SINGH NAGAR,-,-,11.03,10.37,9.26,8.99,10.4,10.18,10.07,12.27,13.56,12.94,14.88,14,16.27,17.8,14.36,17.19,14.68,17.15,16.11,15.99,18.33,20.33,21.07,19.02,17.55,155.89,-
440,PUNJAB,RUPNAGAR,-,-,7.4,6.94,6.77,6.16,7.28,7.56,8.02,8.51,9.24,8.87,7.89,8.29,9.6,9.15,8.38,9.55,7.89,9.81,9.38,10.49,10.61,12.26,15.27,13.45,9.67,152.96,-
441,PUNJAB,FIROZPUR,-,-,5.13,5.02,4.23,4.11,4.24,4.65,4.95,5.37,5.02,5,4.8,4.13,6.25,6.25,6.68,6.61,5.53,7.39,7.89,7.95,7.07,7.79,9.23,9.71,8.69,142.34,-
442,PUNJAB,LUDHIANA,-,-,11.31,11.85,9.53,8.93,9.95,10.38,11.16,13.61,13.67,15.8,16.76,18.65,16.57,18.9,19.79,17.88,17.3,17.11,16.37,17.07,18.35,20.61,19.35,19.49,20.03,150.78,-
443,RAJASTHAN,DUNGARPUR,9.08,6.61,8.66,6.84,7.5,7.05,8.1,10.97,8.77,9.37,-,5.85,8.63,6.62,8.76,11.19,11.44,11.49,7.93,7.95,8.59,7.16,8.86,7.91,9.21,7.94,2.13,-,-
444,RAJASTHAN,CHITTAURGARH,13.19,10.99,13.14,10.38,11.22,14.18,13.98,17.18,16.75,17.29,-,15.08,13.75,12.71,12.92,15.21,18.61,13.71,12.36,12.14,11.66,10.48,11.44,10.27,11.96,13.99,4.49,-,-
445,RAJASTHAN,KARAULI,14.86,14.87,15.08,13.59,12.58,12.12,12.95,14.86,15.22,16.4,-,15.38,15.47,16.84,15.06,16.11,13.77,12.92,15.08,13.75,12.41,14.4,15.47,15.51,16.74,15.88,14.93,-,-
446,RAJASTHAN,BIKANER,49.44,49.63,49.79,51.17,49.29,50.5,49.4,50.96,50.62,49.48,-,47.93,46.61,45.63,46.66,45.55,45.33,43.35,44.45,46.92,45.26,45.73,39.03,40.84,41.17,44.6,40.38,-,-
447,RAJASTHAN,DAUSA,13.39,13.99,13.24,12.42,13.26,14.42,15.68,18.31,17.75,19.86,-,24.17,22.93,25.18,25.82,27.69,27.86,23.51,25.35,25.41,20.82,29.98,27.86,30.93,28.48,29.88,23.96,-,-
448,RAJASTHAN,SIKAR,28.06,30,29.57,29.55,30,29.5,31.64,32.65,32.4,32.7,-,35.98,36.16,37.21,38.25,39.31,41.67,42.97,42.84,46.62,44.26,45.53,46.17,49.31,51.33,50.68,49.55,-,-
449,RAJASTHAN,PRATAPGARH,5.59,5.42,7.3,5.96,5.43,6.52,7.32,10.69,7.01,8.71,-,7.22,10.11,8.49,8.27,9.55,11.29,11.08,8.15,9.03,10.29,5.89,10.43,7.71,8.68,8.14,2.92,-,-
450,RAJASTHAN,CHURU,36.02,36.75,36.2,36.1,36.73,35.76,36.12,37.15,36.96,36.25,-,36.16,36.45,37.46,37.73,35.14,37.28,37.88,38.4,38.82,39.78,36.5,36.83,35.05,33.53,38.18,35.71,-,-
451,RAJASTHAN,KOTA,9.51,8.35,8.77,7.89,8.12,9.32,8.62,9.72,9.61,12,-,11.3,10.97,10.06,8.22,9.56,9.94,8.87,8.26,8.72,8.42,6.85,7.89,7.96,6.31,8.01,3.63,-,-
452,RAJASTHAN,JHALAWAR,12.03,11.05,11.17,9.73,8.11,10.74,10.74,11.95,11.73,13.61,-,11.6,12.01,10.64,10.56,11.49,11.56,12.35,9.47,11.41,9.07,8.15,9.36,9.12,5.37,8.42,3.67,-,-
453,RAJASTHAN,DHAULPUR,14.88,8.99,7.88,7.91,6.9,5.75,7.41,9.13,8.64,10.21,-,13.94,13.44,14.85,10.34,12.84,14.37,14.19,14.6,12.34,12.71,14.64,14.61,13.36,16.17,16.24,12.96,-,-
454,RAJASTHAN,BHARATPUR,14.79,8.79,7.16,6.31,6.56,6.22,6.98,8.46,8.86,9.03,-,9.74,9.2,10.42,11.33,10.38,11.36,11.37,11.35,11.56,13.18,13.48,15.04,14.3,15.81,15.55,14.59,-,-
455,RAJASTHAN,JHUNJHUNUN,25.47,26.49,24.86,26.93,28.05,25.78,28.68,28.83,31.03,29.24,-,43.88,43.81,46.13,49.16,52.08,52.6,52.56,51.59,55.17,49.33,55.26,60.5,59.81,62.08,57.24,57.8,-,-
456,RAJASTHAN,AJMER,12.53,10.2,11.28,8.64,8.7,11.22,12.59,13.37,12.58,14.42,-,12.3,12.8,12.7,12.26,11.95,14.95,10.1,10.82,9.98,11.01,8.58,11.13,9.16,10.68,12.24,5.09,-,-
457,RAJASTHAN,JAIPUR,17.51,18.1,17.26,15.8,15.88,17.28,19.31,20.56,19.26,21.8,-,24.42,24.47,25.67,27.91,28.68,29.3,28.61,28.11,28.13,29.85,29.29,29.61,33.45,35.64,36.64,34.69,-,-
458,RAJASTHAN,NAGAUR,30.49,32.86,31.52,30.74,31.72,32.01,33.88,34.96,32.62,38.45,-,34.62,34.62,33.74,36.21,35.62,35.77,38.52,37.77,38.42,38.06,36.63,35.66,36.07,47.84,48,40.56,-,-
459,RAJASTHAN,SAWAI MADHOPUR,13.05,11.14,10.04,10.18,10.05,10.21,11.2,11.81,11.77,13.22,-,15.04,15.19,15.43,12.9,13.87,12,14.59,11.57,11.84,9.96,11.33,13.3,10.08,12.26,12.5,6.09,-,-
460,RAJASTHAN,SIROHI,11.88,9.7,12.63,14.79,11.81,14.24,18.6,16.66,16.46,25.11,-,19.11,14.17,9.81,11.67,15.06,17.34,15.89,11.07,11.12,14.06,16.06,16.31,16.92,14.15,18.02,15.13,-,-
461,RAJASTHAN,HANUMANGARH,33.75,33.83,29.84,29.28,28.29,28.45,28.34,29.01,29.08,27.44,-,17.08,18.19,17.32,17.39,16.94,18.11,18.52,19.55,18.7,20.35,18.11,18.59,18.08,17.44,17.77,17.74,-,-
462,RAJASTHAN,BARMER,31.75,30.41,31.38,31.68,32.47,31.12,32.4,34.3,31.67,32,-,32.29,31.79,31.85,34.37,32.63,31.57,31.27,32.11,33.42,29.59,34.39,34.75,35.15,34.95,37.45,34.49,-,-
463,RAJASTHAN,JODHPUR,29.56,32.22,32.85,31.57,32.78,33.98,36.5,36.39,33.01,34.24,-,34.41,34.67,31.67,29.67,30.23,32.39,40.47,33.34,36.5,28.43,31.26,23.08,23.48,35.37,36.29,33.88,-,-
464,RAJASTHAN,BARAN,7.99,7.77,8.04,7.77,7.11,7.7,8.18,9.39,7.18,10.37,-,11.56,10.42,12.42,8.72,8.23,7.48,8.74,7.19,7.51,6.94,5.69,7.55,7.28,6.49,9.08,3.4,-,-
465,RAJASTHAN,JAISALMER,33.77,40.9,34.62,33.93,42.51,32.53,37.83,36.85,34,33.68,-,36.66,39.96,39.82,41,42.46,37,36.1,39.37,43.37,42.04,37.92,38.95,35.87,34.84,41.53,39.58,-,-
466,RAJASTHAN,ALWAR,15.86,16.73,14.91,13.33,13.12,13.35,15.06,16.83,16.99,18.43,-,21.26,21.19,22.76,21.83,22.83,25.11,24.73,26.11,25.34,26.67,28.89,29.76,33.61,33.05,36.79,32.76,-,-
467,RAJASTHAN,PALI,10.98,9.42,10.21,11.31,9.68,13.49,15.08,14.62,13.71,16.62,-,15.54,15.26,12.1,12.78,14.49,15.68,14.25,15.17,13.52,14.2,11.96,12.95,9.74,10.35,12.15,6.92,-,-
468,RAJASTHAN,UDAIPUR,10.13,8.19,9.77,9.47,9.65,10.67,11.48,12.45,10.67,11.32,-,9.45,9.01,7.57,8.42,9.29,11.25,9.16,8.01,8.88,9.77,8.06,9.81,7.65,8.67,8.97,3.94,-,-
469,RAJASTHAN,BHILWARA,13.4,10.04,12.2,9.52,10.18,11.94,13.49,15.31,14.32,16.61,-,12.23,12.33,11.19,11.29,14.94,16.53,13.44,12.46,12.58,11.94,10.66,12.44,11.51,13.18,12.6,3.97,-,-
470,RAJASTHAN,GANGANAGAR,27.47,25.39,24.62,25.44,23.03,24.24,23.02,22.55,22.32,20.68,-,15.4,15.15,14.84,14.8,14.04,14.36,14.02,13.77,14.29,14.57,13.95,13.26,13.88,13.62,13.06,13.4,-,-
471,RAJASTHAN,JALOR,10.95,10.75,11.31,11.94,12.53,14.56,14.32,16.06,18.38,20.17,-,25.13,26.49,23.99,25.12,23.99,30.06,26.99,20.98,17.32,28.23,30.27,29.72,28.99,26.83,24.55,26.69,-,-
472,RAJASTHAN,RAJSAMAND,13.78,9.69,10.85,11.51,11.72,13.29,14.6,16.17,13.48,16.14,-,14.1,12.22,9.94,11.03,13.77,16.03,11.41,11.54,10.3,11.94,10.49,12.48,9.3,11.59,12.51,6.12,-,-
473,RAJASTHAN,BUNDI,10.5,8.93,10.32,8.24,8.78,9.85,9.33,12,10.92,13.28,-,9.56,8.68,9.89,7.91,9.98,11.85,9.89,7.94,8.41,7.1,5.86,7.36,7.35,6.44,8.06,3.34,-,-
474,RAJASTHAN,TONK,10.67,9.43,9.07,8.07,7.85,8.78,9.96,10.42,9.97,11.57,-,11.34,12.15,13.46,10.51,11.36,12.55,10.99,7.12,8.42,7.94,6.9,8.83,8.43,7.41,12.53,5.91,-,-
475,RAJASTHAN,BANSWARA,9.17,6.69,8.49,7.58,8.11,8.31,6.89,12,7.94,9.91,-,5.09,6.73,6.13,5.65,8.33,7.15,7.37,6.48,6.22,7.1,5.91,7.84,7.52,7.33,6.1,2.87,-,-
476,SIKKIM,WEST,-,-,-,-,-,-,-,-,-,-,-,-,-,-,-,-,-,-,-,-,-,-,-,-,-,-,-,-,-
477,SIKKIM,SOUTH,-,-,-,-,-,-,-,-,-,-,-,-,-,-,-,-,-,-,-,-,-,-,-,-,-,-,-,-,-
478,SIKKIM,NORTH,-,-,-,-,-,-,-,-,-,-,-,-,-,-,-,-,-,-,-,-,-,-,-,-,-,-,-,-,-
479,SIKKIM,EAST,-,-,-,-,-,-,-,-,-,-,-,-,-,-,-,-,-,-,-,-,-,-,-,-,-,-,-,-,-
480,TAMILNADU,TIRUCHIRAPPALLI,4.51,3.86,9.26,4.68,7.47,2.57,5.13,7.92,6.4,9.08,7.72,7.03,5.16,7.2,5.65,6.81,9.19,6.8,4.72,9.9,9.14,13.67,12.39,10.76,9.25,10.76,7.1,-,-
481,TAMILNADU,NAMAKKAL,4.04,4.05,10.64,4.74,11.82,2.44,5.11,7.33,4.65,15.41,7.58,11.21,5.32,8.86,7.99,9.39,9.35,7.09,4.68,11.87,10.97,17.54,16.85,14.93,8.65,10.76,6.25,-,-
482,TAMILNADU,CHENNAI,4.39,3.76,5.89,4.73,4.18,2.43,5.24,7.91,7.55,5.11,7.65,6.84,4.32,4.9,3.66,5.51,9.11,3.99,4.62,5.76,5.83,11.36,10.5,6.07,6.12,5.38,5.43,-,-
483,TAMILNADU,NAGAPPATTINAM,5.13,3.71,3.88,4.69,3.41,4.88,5.23,8.06,9.53,4.05,7.71,4.14,4.3,4.16,3.17,3.58,6.99,4.37,4.49,4.72,4.94,10.36,10.01,5.99,7.41,4.79,3.34,-,-
484,TAMILNADU,TIRUVANNAMALAI,4.43,3.9,8.61,4.73,7.3,2.43,0,7.9,5.67,10.59,7.65,8.05,6.07,9.07,5.9,7.55,9.13,4.77,4.62,7.84,9.93,13.77,14.14,9.55,7.19,8.82,4.97,-,-
485,TAMILNADU,COIMBATORE,3.52,4.89,14.26,5.58,10.98,7.73,7.15,7.96,5.19,17.33,7.38,19.27,14.81,16.57,12.83,16.47,5.46,13.44,4.43,11.38,17.58,9.66,12.81,17.68,20.56,16.27,10,-,-
486,TAMILNADU,SIVAGANGA,5.26,3.55,7.79,4.6,6.65,6.13,5.55,8.76,12.21,8.64,7.85,7.64,5.4,7.3,4.87,6.02,5.72,5.51,4.1,6.37,7.62,6.98,10.07,9.26,10.27,10.4,7.69,-,-
487,TAMILNADU,TIRUPPUR,3.4,4.73,10.69,5.55,8.18,5.03,6.46,6.83,5.25,10.76,7.4,10.5,7.47,9.19,7.22,7.75,5.63,5.42,4.52,10.59,10.24,9.78,13.04,12.56,9.11,8.31,7,-,-
488,TAMILNADU,THOOTHUKKUDI,6.04,4.01,7.36,5.42,5.63,6.47,5.91,10.94,7.32,8.59,7.59,5.75,5.51,4.69,3.29,3.88,7.22,3.94,4.17,6.15,6.89,7.14,9.91,8.08,5.82,5.03,3.69,-,-
489,TAMILNADU,ERODE,3.42,4.6,10.89,5.37,9.78,3.08,5.89,6.33,5.3,12.05,7.48,10.14,8.5,9,7.62,8.53,7.85,7.11,4.58,11.64,12.48,9.95,13.23,13.04,10.13,9.56,5.94,-,-
490,TAMILNADU,CUDDALORE,4.86,3.78,11.61,4.71,9.86,3.35,5.22,7.92,7.54,16.26,7.68,15.41,11.55,16.39,11.72,17.9,9.09,18.06,4.62,7.28,18.96,13.34,10.1,17.69,35.57,18.78,15.84,-,-
491,TAMILNADU,PERAMBALUR,4.44,3.84,8.85,4.7,6.91,2.43,5.21,7.91,7.31,9.99,7.69,7.73,4.65,6.44,5.25,6.12,9.11,4.49,4.63,9.71,8.31,12.27,11.12,11.14,7.98,10.53,5.24,-,-
492,TAMILNADU,THE NILGIRIS,3.4,4.85,5.63,5.52,5.93,7.68,6.8,7.89,5.01,6.26,7.43,5.41,5.16,4.93,4.48,5.53,5.18,4.04,4.39,5.23,5.96,9.69,13.05,4.83,4.23,5.86,3.7,-,-
493,TAMILNADU,MADURAI,5.46,4.19,7.3,5.1,5.49,5.98,6.65,9.13,8.22,9.63,7.46,7.69,5.89,6.49,4.81,6.65,6.08,5.07,4.41,7.71,11.67,9.31,11.17,12.35,11.72,11.09,12.35,-,-
494,TAMILNADU,PUDUKKOTTAI,5.06,3.73,8.09,4.65,5.18,4.8,5.15,8.12,9.37,8.39,7.84,6.24,4.87,6.46,3.96,4.88,7.22,5.3,4.5,6.38,7.08,9.93,10.11,7.57,8.21,8.82,3.51,-,-
495,TAMILNADU,THENI,5.3,5.14,9.51,6.01,7.23,8,7.92,9.44,7.07,9.58,7.44,9.54,8.9,10.85,8.88,9.9,6.01,8.99,4.4,9.6,12.86,8.76,11.12,12.88,11.96,12.53,15.49,-,-
496,TAMILNADU,SALEM,4.08,4.11,10.78,4.74,10.98,2.44,5.12,7.29,4.68,18.38,7.58,11.68,6.72,9.45,8.07,9.19,9.28,6.76,4.64,12.03,16.4,16.08,16.18,14.84,11.57,13.49,7.47,-,-
497,TAMILNADU,THIRUVALLUR,4.42,3.88,6.38,4.73,5.71,2.42,5.24,7.91,7.02,7.38,7.65,7.23,4.94,5.67,3.91,5.57,9.12,3.87,4.62,5.53,5.52,11.46,12.95,5.49,5.67,12.89,4.17,-,-
498,TAMILNADU,TIRUNELVELI,6.25,4.51,8.26,5.52,5.09,6.49,6.67,10.94,8.11,8.02,7.55,5.56,5.4,4.54,3.52,5.33,6.92,7,4.36,7.29,7.65,8.55,11.98,9.81,6.35,5.47,3.67,-,-
499,TAMILNADU,RAMANATHAPURAM,6.38,3.3,5.27,4.66,4.4,6.75,8.18,9.19,11.91,10.13,7.87,6.23,6.12,6.94,3.8,5.92,6.02,6.47,3.91,5.02,6.3,6.15,10.13,6.77,6.81,6.99,10.3,-,-
500,TAMILNADU,KANCHEEPURAM,4.45,3.81,5.75,4.73,5.17,2.43,5.24,7.91,7.54,6.88,7.65,5.83,4.9,5.98,3.83,5.4,9.11,4.6,4.62,6.45,6.36,10.69,10.76,6.47,5.92,6.94,3.81,-,-
501,TAMILNADU,DINDIGUL,3.59,4.41,9.99,5.28,6.84,4.12,6.06,7.23,5.17,10.21,7.32,8.1,5.54,8.51,5.91,6.91,6.17,5.91,4.4,9.13,11.87,13.29,14.41,11.57,9.87,10.68,8.31,-,-
502,TAMILNADU,VIRUDUNAGAR,6.61,4.13,8.97,5.32,4.9,6.43,7.17,10.39,8.41,10.28,7.77,8.9,7.99,6.6,4.46,5.61,6.75,6.37,4.38,8.3,9.69,7.27,10.66,11.94,9.73,8.33,9.4,-,-
503,TAMILNADU,ARIYALUR,5.08,3.77,11.08,4.7,10.4,3.95,5.21,7.94,7.53,13.66,7.7,13.74,10.33,13.24,13.44,12.33,9.08,7.91,4.62,7.29,5.37,14.14,10.02,8.06,8.07,9.47,3.84,-,-
504,TAMILNADU,KANNIYAKUMARI,6.25,4.3,11.35,5.49,9.79,6.7,6.68,10.93,8.14,10.67,7.51,9.04,8.88,9.62,7.56,9.15,7.31,7.89,4.38,9.13,6.2,8.82,12.5,8.57,6.8,6.2,5.62,-,-
505,TAMILNADU,THANJAVUR,5.12,3.73,6.15,4.68,4.63,4.8,5.2,8.06,9.12,8.04,7.74,6.95,6.11,6.59,4.7,5.17,7.49,6.24,4.54,6.74,6.12,11.01,10.03,6.07,6.87,6.09,3.02,-,-
506,TAMILNADU,VELLORE,4.42,3.9,9.58,4.74,8,2.42,5.17,7.9,4.97,12.8,7.64,12.49,8.67,10.66,8.39,11.01,9.13,7.86,4.63,10.05,11.41,16.29,15.22,9.62,8.88,10.71,8.64,-,-
507,TAMILNADU,THIRUVARUR,5.13,3.72,4.59,4.69,3.79,4.83,5.22,8.07,9.52,4.7,7.72,4.94,4.44,5.38,3.53,3.97,6.65,3.91,4.38,5.34,4.7,9.33,10.02,5.86,5.35,5.24,2.29,-,-
508,TAMILNADU,KRISHNAGIRI,3.93,4.25,8.23,4.76,6.5,2.45,5.13,6.9,4.66,11.8,7.55,11.68,7.07,11.68,11.81,13.91,9.32,10.12,4.64,10.82,12.74,14.81,16.06,11.18,9.78,13.66,9.89,-,-
509,TAMILNADU,VILUPPURAM,4.46,3.85,7.94,4.72,5.87,2.43,5.22,7.91,7.01,10.84,7.66,6.21,5.2,6.34,4.36,5.58,9.11,5.14,4.62,6.12,7.85,11.57,11.91,10.82,8.17,9.35,4.66,-,-
510,TAMILNADU,DHARMAPURI,4.09,4.11,9.13,4.75,7.49,2.44,5.12,7.19,4.64,16.6,7.57,13.12,6.18,12.62,11.26,12.93,9.3,7.27,4.65,11.12,13.71,16.95,16.74,11.33,11.03,12.68,6.59,-,-
511,TAMILNADU,KARUR,3.95,4.09,8.55,4.75,6.72,2.45,5.1,7.38,4.94,12.85,7.58,12.9,4.5,9.14,6.15,7.53,9.28,5.68,4.67,8.77,9.03,15.81,15.67,11.03,6.93,10.37,6.06,-,-
512,TELANGANA,HYDERABAD,-,-,7.22,7.15,6.83,5.82,6.12,7.24,5.98,10.29,10.47,12.5,8.75,3.94,4.09,4.16,4.5,5.2,4.65,4.82,4.73,4.55,3.79,4.37,8.2,10.9,11.13,-,-
513,TELANGANA,NIZAMABAD,-,-,7.85,7.74,8.91,8.39,9.89,10.11,11.3,12.48,12.04,13.52,11.72,6.14,6.27,6.42,8.28,6.92,6.38,5.76,5.05,7.68,11.23,8.29,13.33,15.85,9.51,-,-
514,TELANGANA,MEDAK,-,-,9.34,8.48,9.46,9.36,13.5,12.93,13.37,14.88,13.85,21.08,16.99,5.48,5.77,5.48,7.93,6.2,8.18,7.59,5.38,6.52,19.14,15.31,17.74,21.95,16.8,-,-
515,TELANGANA,KARIMNAGAR,-,-,7.15,7.44,7.96,7.89,7.73,8.09,8.44,8.57,8.57,12.84,8.09,3.12,3.43,3.65,4.72,3.34,4.1,3.88,3.36,9.38,12.07,9.18,10.93,11.63,7.05,-,-
516,TELANGANA,RANGAREDDY,-,-,9.24,9.51,9.41,8.44,11.08,10.39,11.1,12.28,10.85,16.37,11.52,4.87,5.05,6.62,7.05,6.33,7.75,7.61,6.08,8.24,8.27,11.08,14.32,17.89,14,-,-
517,TELANGANA,MAHBUBNAGAR,-,-,9.03,9.29,10.24,8.74,11.95,11.05,9.78,11.17,10.85,17.27,11.08,5.27,4.89,5.64,5.24,5.16,6.36,6.91,5.19,10.37,12.18,10.47,12.91,14.93,9.99,-,-
518,TELANGANA,WARANGAL,-,-,7.89,7.54,8.28,8.79,7.37,8.2,9.25,9.11,9.12,11.77,8.76,2.96,2.53,2.99,3.66,2.72,3.35,3.16,2.63,3.47,10.67,8.76,10.13,12,6.46,-,-
519,TELANGANA,NALGONDA,-,-,7.99,7.52,9.09,7.83,8.42,9.79,9.14,11.31,10.05,12.38,7.87,1.4,1.37,1.47,1.63,1.9,2.37,2.46,1.5,10.09,13.6,10.14,9.97,11.05,8.33,-,-
520,TELANGANA,ADILABAD,-,-,7.26,7.52,8.27,8.49,7.54,8.17,7.65,9.12,8.36,10.9,9.08,4.25,4.54,5.02,6.62,4.47,5.41,3.59,8.11,8.13,10.37,8.5,9.38,8.83,6.48,-,-
521,TELANGANA,KHAMMAM,-,-,7.65,7.46,7.43,7.75,6.72,7.45,8.46,9.23,8.45,7.74,6.56,1.67,1.55,1.7,1.86,1.56,1.84,1.67,1.77,1.6,2.44,3.02,6.66,8.81,6.7,-,-
522,TRIPURA,NORTH TRIPURA,-,-,3.56,4.03,4.39,5.5,5.35,3.23,3.61,3.57,3.83,3.88,4.96,3.33,5.47,5.21,5.18,4.79,4.59,5.34,5.31,4.46,4.35,4.53,4.47,3.24,3.14,-,-
523,TRIPURA,DHALAI,-,-,2.75,3.71,3.54,4.41,4.57,2.54,2.79,2.3,2.64,2.76,4.14,1.98,4.23,3.72,4.21,3.86,4.03,4.99,4.7,3.71,3.38,4.18,4.52,3.75,3.77,-,-
524,TRIPURA,WEST TRIPURA,-,-,3.08,4.41,3.65,5.22,4.15,3.62,3.46,2.79,3.09,2.72,3.86,3.38,4.66,4.89,6.15,6.09,6.39,5.77,12.6,6.86,7.06,3.69,6.18,7.96,6.7,-,-
525,TRIPURA,SOUTH TRIPURA,-,-,2.65,3.36,3.25,4.2,3.86,3.31,3.76,3.69,3.73,3.59,3.84,3.6,3.68,3.44,3.94,3.56,3.97,3.94,4.68,3.63,3.27,3.01,2.77,3.28,2.37,-,-
526,UTTAR PRADESH,JAUNPUR,-,-,7.09,6.43,6.28,6.72,5.18,6.28,5.26,6.13,5.77,6.89,7.69,7.83,8.97,8.25,9.22,7.8,7.48,6.48,5.91,5.12,7.09,6.01,5.77,6.58,9.27,13.14,-
527,UTTAR PRADESH,AGRA,-,-,16.86,15.07,17.3,14.83,11.64,12.64,16.23,15.36,14.94,16.11,16.39,17.81,17.62,17.43,17.48,14.29,13.51,9.93,13.92,13.16,20.45,20.57,25.59,30.1,33.29,29.89,-
528,UTTAR PRADESH,MORADABAD,-,-,6.86,6.84,7.01,5.34,6.1,5.81,5.66,6.55,6.46,7.2,7.17,6.3,6.34,5.51,7.22,5.02,9.4,10.1,8.49,10.21,11.06,11.45,12,10.85,19.71,17.24,-
529,UTTAR PRADESH,GHAZIPUR,-,-,7.81,7.27,6.12,6.45,6.45,6.93,5.95,6.72,6.63,7.86,7.49,7.54,6.99,7.37,7.85,7.5,8.11,7.2,6.71,6.47,6.76,6.8,6.87,7.01,9.38,8.8,-
530,UTTAR PRADESH,KANNAUJ,-,-,7.55,6.63,7.87,5.82,5.74,5.92,6.84,7.87,7.82,8,8.44,8.69,9.11,8.34,10.1,5.85,8.33,9.23,10.77,9.58,11.37,11.7,9.22,14.26,15.44,19.8,-
531,UTTAR PRADESH,LUCKNOW,-,-,7.75,8.03,7.31,7.42,6.17,6.52,6.58,8.87,7.81,10.54,11.61,11.22,12.03,11.17,11.33,12.13,10.86,10.84,11.36,11.71,13.83,14.67,14.39,13.85,11.76,15.37,-
532,UTTAR PRADESH,BAHRAICH,-,-,6.06,5.41,3.79,4.97,4.81,4.83,5.15,5.66,5.51,5.32,5.43,5.47,5.41,5.13,5.22,5.12,5.44,4.87,5.99,4.92,4.82,4.53,4.57,4.5,12.39,13.79,-
533,UTTAR PRADESH,GORAKHPUR,-,-,5.04,5.08,5.04,4.76,4.64,5.17,4.55,5.04,4.94,6.04,5.25,5.27,4.92,5.24,5.35,5.2,5.4,4.82,4.65,4.14,5.88,5.65,5.57,5.5,9.45,6.88,-
534,UTTAR PRADESH,BULANDSHAHR,-,-,8.33,7.51,6.94,5.95,6.15,6.24,6.69,6.77,6.61,7.38,8,8.48,8.29,7.71,7.52,7.44,6.98,7.59,7.52,7.85,8.7,9,9.74,10.03,22.82,17.22,-
535,UTTAR PRADESH,DEORIA,-,-,4.32,4.39,4.52,4.02,3.97,4.8,4.51,4.62,5.46,5.22,4.91,4.95,4.63,4.57,4.49,4.49,4.88,4.57,4.46,4.27,5.54,4.43,5.22,4.8,9.45,6.75,-
536,UTTAR PRADESH,ETAWAH,-,-,14.84,12.21,14.33,12.37,11.51,13.06,13.16,13.57,13.38,14.33,13.58,13.63,13.74,13.25,13.58,11.71,11.89,10.59,12.58,11.41,11.74,11.83,13.59,16.33,24.2,32.36,-
537,UTTAR PRADESH,BANDA,-,-,11.32,9.7,9.87,10.18,9.09,8.29,8.85,9.67,9.32,9.97,8.95,10.93,13.14,12.35,12.91,9.5,10.94,8.7,7.28,8.01,9.49,8.22,8.81,8.52,14.43,20.87,-
538,UTTAR PRADESH,RAE BARELI,-,-,6.53,6.69,7.04,6.14,5.53,5.72,5.35,6.53,5.63,5.56,6.63,6.84,7.39,6.26,6.21,6.48,6.16,5.32,5.32,4.45,6.71,6.35,7.07,9.35,9.54,12.7,-
539,UTTAR PRADESH,JHANSI,-,-,8.68,8.25,7.12,7.7,8.66,8,7.85,8.36,7.68,8.59,9.27,9.72,10.41,8.12,7.42,7.19,6.59,7.02,6.07,5.91,7.34,7.66,8.23,7.25,26.29,33.41,-
540,UTTAR PRADESH,SANT RAVI DAS NAGAR(BHADOHI),-,-,9.59,10.27,7.63,9.43,6.67,7.43,7.41,8.23,7.09,9.1,9.95,10.45,12.31,10.36,9.85,10.24,11.17,9.64,9.2,7.95,9.85,9.56,6.97,10.17,9.52,16.88,-
541,UTTAR PRADESH,MEERUT,-,-,8.14,8.75,7.72,6.95,8.66,8.31,9.03,7.29,9.24,8.21,8.65,8.99,10.32,9.24,11.25,10.35,11.59,10.21,10.2,11.27,11.36,12.67,13.41,12.46,22.52,15.97,-
542,UTTAR PRADESH,KAUSHAMBI,-,-,13.44,13.16,13.99,12.94,11.06,10.88,11.44,12.48,11.95,13.09,14.2,14.11,15.25,12.83,15.08,11.06,14.06,12.83,11.35,11.86,13.18,11.79,10.17,13.9,9.91,17.32,-
543,UTTAR PRADESH,AZAMGARH,-,-,5.42,5.97,5.97,5.22,5.01,5.44,4.55,5.52,5.72,6.07,5.52,5.43,6.01,5.86,6.42,6.32,6.09,5.94,5.3,5.62,6.76,5.92,6.28,6.39,9.37,6.94,-
544,UTTAR PRADESH,MATHURA,-,-,8.41,7.94,7.65,6.41,6.57,6.23,6.68,7.09,7.17,7.09,6.92,8.38,7.52,7.56,7.36,6.43,7.36,6.47,5.96,6.09,6.62,6.66,7.69,12.72,20.71,15.33,-
545,UTTAR PRADESH,ALIGARH,-,-,8.87,8.14,7.65,6.28,6.6,6.25,6.29,6.61,7.25,7.07,7.4,7.3,7.79,7.96,8.25,7.44,7.27,7.42,6.81,7.32,7.41,7.96,9.42,13.13,24.78,19,-
546,UTTAR PRADESH,MAHAMAYA NAGAR,-,-,9.99,10.14,9.66,7.92,8.56,8.36,9.22,8.94,8.91,9.51,10.01,11.22,12.92,13.17,12.88,10.45,10.55,10.96,10.8,10.46,9.68,11.31,13.95,17.62,27.58,47.78,-
547,UTTAR PRADESH,LALITPUR,-,-,7.57,7.12,6.06,6.47,7.02,6.65,6.66,6.86,7,7.18,7.03,7.51,8.35,6.19,6.17,6.04,6.06,5.84,4.68,5.47,8.06,5.47,6.23,6.32,30.39,29.69,-
548,UTTAR PRADESH,BIJNOR,-,-,8.81,8.35,7.24,5.87,5.66,5.45,5.91,5.6,6.76,7.07,5.43,6.16,8.88,7.14,9.21,6.55,7.49,7.79,6.96,7.59,8.61,9.2,8.76,8.47,20.85,16.52,-
549,UTTAR PRADESH,HAMIRPUR,-,-,12.9,10.5,11.7,9.71,9.34,11.24,11.96,11.67,9.58,11.56,10.9,13.95,16.51,14.72,15.82,11.52,11.49,9.84,8.58,9.41,11.78,9.43,10.62,11.26,17.93,21.1,-
550,UTTAR PRADESH,AURAIYA,-,-,7.31,6.46,6.57,6.07,5.79,6.5,6.19,7.02,6.24,6.17,7.06,6.72,7.07,5.76,7.46,6.17,6.76,7.27,6.62,6.44,7.91,6.79,8.57,7.76,20.72,30.65,-
551,UTTAR PRADESH,SHRAWASTI,-,-,5.05,4.7,5.35,3.96,3.74,3.73,4.13,4.9,4.97,4.61,4.91,4.86,4.63,4.3,4.48,4.33,4.8,4.33,4.51,4.11,4.66,4.57,3.98,4.32,10.1,14.61,-
552,UTTAR PRADESH,SITAPUR,-,-,5.53,5.36,4.89,5.1,4.69,4.88,5.16,5.17,4.71,4.82,5.38,5.14,5.47,5.28,5.05,5.44,5.4,5.55,5.44,5.76,6.31,6.57,6.71,6.59,13.62,14.06,-
553,UTTAR PRADESH,SHAHJAHANPUR,-,-,6.09,5.54,5.8,5.55,5.51,4.7,5.53,5.7,5.21,5.08,5.32,5.41,6.69,5.88,5.87,5.58,6.56,6.04,5.66,6.13,6.91,7.03,6.73,6.62,11.14,29.02,-
554,UTTAR PRADESH,KANPUR NAGAR,-,-,11.04,10.46,10.2,8.21,7.17,9.4,9.56,8.34,8.61,8.47,10.02,9.65,9.62,7.74,8.62,8.88,8.53,7.65,8.12,7.81,10.4,8.58,8.7,15.15,17.22,18.32,-
555,UTTAR PRADESH,KANPUR DEHAT,-,-,9.6,8.85,8.83,8.47,7.81,8.75,8.63,9.28,9.23,9.93,10.23,9.88,10.41,8.29,9.53,9,9.8,9.4,9.7,9.78,10.98,9.93,10.7,9.96,19.04,17.94,-
556,UTTAR PRADESH,FIROZABAD,-,-,11.19,12.68,13.33,9.87,8.04,8.07,10.96,9.96,8.96,10.05,10.3,10.59,10.99,9.56,9.03,8.72,7.61,8.66,10.84,9.54,15.25,17.9,21.49,26.78,29.26,39.97,-
557,UTTAR PRADESH,UNNAO,-,-,6.43,6.79,5.33,6.01,5.43,5.91,5.8,6.03,5.46,5.94,6.38,7.08,6.83,6.54,6.39,6.66,6.18,5.73,5.65,6.08,8.27,8.09,7.79,11.16,14.47,18.56,-
558,UTTAR PRADESH,MAINPURI,-,-,5.31,5.12,5.13,4.67,4.07,4.18,4.4,4.76,5.12,5.06,4.65,5.47,5.59,5.49,5.55,4.43,4.19,6.11,7.78,5.03,7.08,7.53,9.75,12.24,18.06,18.01,-
559,UTTAR PRADESH,FARRUKHABAD,-,-,8.04,7.09,8.99,7.32,6.42,5.53,6.28,6.87,6.37,7.36,7.27,8.01,8.63,7.54,7.38,6.07,7.27,11.51,10.79,10.91,12.69,13.18,8.81,16.57,11.57,26.35,-
560,UTTAR PRADESH,HARDOI,-,-,5.62,5.28,5.09,5.08,5.04,5.34,5.4,5.33,4.98,5.21,5.29,5.53,6.1,5.96,5.66,5.43,5.82,6.28,6.51,6.61,9.15,7.26,6.87,8.09,13.02,18.49,-
561,UTTAR PRADESH,FATEHPUR,-,-,11.73,11.06,10.19,9.68,9.37,9.32,10.02,11.19,10.56,11.78,10.82,12.28,14.56,12.66,13.81,9.81,11.54,9.69,9.12,9.2,9.52,10.13,9.7,12.64,12.93,19.75,-
562,UTTAR PRADESH,BALRAMPUR,-,-,5.06,4.95,4.47,4.14,3.91,3.98,4.42,5.04,4.67,4.93,4.66,4.78,4.54,4.3,4.54,3.92,4.14,4.13,4.33,4.03,5.03,5.13,4.74,4.67,9.61,19.03,-
563,UTTAR PRADESH,MIRZAPUR,-,-,8.99,9.72,7.86,6.75,7.92,9.24,8.83,10.12,7.89,10.78,11.49,10.69,11.55,11,10.44,10.19,10.18,8.32,8.56,6.69,9.87,9.63,8.75,8.91,10.15,17.09,-
564,UTTAR PRADESH,SULTANPUR,-,-,6.88,6.56,6.64,6.09,5.44,5.81,5.31,6.14,5.66,6.13,6.87,7.1,7.24,6.7,6.7,6.99,7.01,6.83,6.37,6.19,7.55,7.29,7.49,6.57,9.24,6.96,-
565,UTTAR PRADESH,MAHOBA,-,-,6.97,5.27,6.05,6.3,5.89,5.75,6.12,7.29,6.39,7.06,7.7,7.9,9.34,7.47,7.29,7.07,5.26,6.1,4.32,5.28,7.95,5.56,9.01,8,18.41,20.6,-
566,UTTAR PRADESH,PRATAPGARH,-,-,8.05,7.36,7.91,7.01,6.14,6.62,6.3,7.78,6.44,7.43,8.34,8.68,9.93,9.58,9.03,8.8,8.36,7.21,6.5,7.27,8.57,8.65,7.8,7.62,9.22,15.03,-
567,UTTAR PRADESH,JYOTIBA PHULE NAGAR,-,-,8.5,7.68,7.85,6.31,6.86,7.23,6.93,8.21,7.71,8.86,8.47,9.06,9.39,7.64,9.96,8.54,11.57,10.6,10.25,12.15,12.94,13.6,13.92,12.95,21.13,17.2,-
568,UTTAR PRADESH,AYODHYA,-,-,5.54,5.76,5.13,5.18,4.69,4.27,4.09,5.12,4.7,5.08,4.99,5.79,5.45,4.96,5.43,5.44,5.37,6.08,5.43,5.74,6.46,6.44,6.32,5.65,9.41,7.4,-
569,UTTAR PRADESH,RAMPUR,-,-,5.5,6.09,5.95,3.75,4.85,5.02,5.34,5.05,5.44,5.27,5.83,6.24,6.19,5.27,6.15,4.38,6.34,7.61,6.52,6.38,7.25,7.07,7.85,6.93,12.66,14.76,-
570,UTTAR PRADESH,VARANASI,-,-,8.69,9.01,6.71,7.56,6.13,7.04,6.42,7.93,7.51,9.78,10.13,10.9,11.14,10.07,12.07,10.68,11.99,12.17,11.52,8.97,11.3,11.57,11.6,10.62,9.31,16.77,-
571,UTTAR PRADESH,BUDAUN,-,-,7.47,7.28,7.56,6.84,6.83,5.73,6.64,6.92,8.23,7.05,7.51,7.15,7.99,7.7,8.11,7.07,9.28,9.21,8.89,9.56,12.1,12.28,12.7,12.47,14.05,16.16,-
572,UTTAR PRADESH,GAUTAM BUDDHA NAGAR,-,-,10.19,9.2,8.96,8.3,8.87,9.4,8.89,8.3,9.03,9.41,10.63,10.03,11.38,11.5,11.05,10.48,11.39,12.7,12.75,13.54,14.95,12.78,15.58,16.84,23.14,12.53,-
573,UTTAR PRADESH,MAHARAJGANJ,-,-,3.51,3.88,3.78,3.57,3.26,3.98,4.15,4.25,3.9,4.38,4.1,4.1,4.3,3.74,4.02,4.05,4.14,4.08,3.61,3.33,4.41,4.36,4.56,4.08,9.51,9.73,-
574,UTTAR PRADESH,CHANDAULI,-,-,7.93,8.55,6.34,7.13,7.24,7.16,6.3,7.01,7.88,9.08,7.41,6.87,6.6,7.22,7.32,7.33,7.11,5.84,5.42,3.6,7.15,7.04,7.52,7.56,9.35,16.48,-
575,UTTAR PRADESH,BAREILLY,-,-,5.87,5.94,6.36,5.37,4.98,5.61,5.53,5.42,5.7,5.19,5.53,5.55,6.66,6.23,6.2,5.23,6.31,6.28,6.13,6.48,6.87,6.4,6.61,5.99,11,17.11,-
576,UTTAR PRADESH,KHERI,-,-,6.38,5.32,5.2,5.18,5.03,5.04,5.19,5.71,5.4,5.07,5.24,5.14,4.87,5.02,4.85,5.07,5.51,5.27,5.43,5.06,5.39,5.16,5.51,4.75,11.93,17,-
577,UTTAR PRADESH,BASTI,-,-,4.81,4.72,4.44,4.46,4.26,4.01,3.82,4.83,4.17,4.69,4.44,4.71,4.49,4.16,4.41,4.02,4.08,4.31,3.91,4.08,5.12,5.06,5.2,5.15,9.46,7.45,-
578,UTTAR PRADESH,GONDA,-,-,5.1,5.05,4.34,4.4,4.18,4.14,4.47,4.75,5.15,4.74,4.45,4.85,4.13,3.78,3.97,3.85,4.21,4.09,3.81,3.78,5.31,5.45,5.47,5.1,9.57,16.7,-
579,UTTAR PRADESH,AMBEDKAR NAGAR,-,-,5.27,5.59,5.1,5.12,4.87,5.31,4.25,5.39,5.25,5.68,5.46,5.83,5.79,4.98,5.53,5.04,5.32,5.29,5.41,5.23,6.36,6.05,6.08,6.4,9.38,6.74,-
580,UTTAR PRADESH,BARA BANKI,-,-,5.68,6.24,5.6,5.54,5.58,5.29,5.14,6.05,5.12,5.34,6.14,6.52,6.68,5.94,5.89,6.42,6.37,6.2,6.23,5.51,7.08,6.64,7.12,6.79,10.58,15.41,-
581,UTTAR PRADESH,MUZAFFARNAGAR,-,-,6.58,8.09,6.62,5.97,7.25,7.36,6.44,5.8,6.92,9,8.9,9.46,8.71,7.65,11.43,11.67,12.11,11.78,11.43,12.89,13.85,14.77,14.36,12.4,22.55,15.51,-
582,UTTAR PRADESH,PILIBHIT,-,-,3.82,3.99,3.69,4.31,3.98,4.07,4.34,4.16,4.1,4.22,4.3,4.28,4.52,4.38,4.18,4.31,4.78,4.18,4.28,4.25,4.52,4.27,4.57,4.37,11.1,28.61,-
583,UTTAR PRADESH,MAU,-,-,5.2,5.82,5.7,4.56,4.58,5.25,4.38,5.13,5.32,5.73,5.51,5.15,5.4,5.66,6.22,6.36,6.68,6.01,5.31,5.93,6.08,6.21,6.24,6.2,9.41,6.74,-
584,UTTAR PRADESH,SIDDHARTH NAGAR,-,-,4.45,4.56,4.16,3.89,3.95,4.22,4.06,5.13,4.04,5.03,4.64,4.74,4.41,4.62,4.78,4.75,4.5,4.65,4.28,3.8,4.48,4.79,4.38,4.52,9.53,13.15,-
585,UTTAR PRADESH,SONBHADRA,-,-,9.16,9.85,8.2,6.35,8.93,8.72,8.22,8.91,9.02,9.85,10.79,10.23,7.85,10.28,9.94,10.35,9.18,8.5,8.07,5.68,8.11,7.29,9.11,9.29,10.58,17.23,-
586,UTTAR PRADESH,GHAZIABAD,-,-,7.99,7.36,6.7,6.39,7.82,8.05,7.93,7,7.17,7.66,7.64,7.88,9.21,9.84,10.48,9.09,9.59,10.32,10.15,11.57,12.97,11.8,14.82,14.13,23.06,15,-
587,UTTAR PRADESH,SANT KABIR NAGAR,-,-,5,4.8,5.04,4.82,4.18,4.23,3.47,5.01,4.29,5.26,4.6,4.7,4.75,4.45,4.73,4.55,4.41,4.25,4.16,4.04,5.31,5.35,4.98,5.37,9.46,7.13,-
588,UTTAR PRADESH,BAGHPAT,-,-,9.6,11.18,9.41,9.02,12.57,10.52,9.28,7.39,9.31,14.69,13.72,15.77,12.52,14.29,16.94,15.48,17.06,16.65,16.16,14.87,16.06,13.11,16.35,13.76,23.76,12.78,-
589,UTTAR PRADESH,PRAYAGRAJ,-,-,7.75,7.68,7.7,7.54,7.02,7.11,6.53,7.6,6.46,7.92,8.78,8.59,9,8.51,9.69,8.27,8.02,6.89,6.84,7.59,7.35,7.64,8.39,9,10.16,16.96,-
590,UTTAR PRADESH,KANSIRAM NAGAR,-,-,6.31,6.39,6.18,5.28,5.32,6.23,5.68,6.39,6.22,6.75,7.62,7.2,6.83,6.61,6.98,5.81,6.91,6.98,6.87,6.58,7.48,7.81,8.31,9.53,13.82,34.88,-
591,UTTAR PRADESH,BALLIA,-,-,5.57,5.96,5.54,4.85,5.22,5.69,5.14,5.82,5.22,6.19,6.08,6.09,5.68,5.61,6.16,6.52,6.35,6.16,5.44,6,6.78,5.82,6.37,6.07,9.43,6.74,-
592,UTTAR PRADESH,ETAH,-,-,7.35,7.42,7.31,5.52,5.95,6.42,6.42,6.81,5.95,6.99,7.27,7.96,7.7,6.63,7.56,6.15,6.08,6.66,7.49,7.33,7.99,8.13,10.01,13.39,18.06,96.18,-
593,UTTAR PRADESH,KUSHINAGAR,-,-,3.68,3.62,3.86,4.01,3.69,4.38,3.82,4.17,4.24,4.82,3.85,3.83,4.08,4.09,4.04,3.95,4.28,4.33,4.18,3.44,5.18,4.38,4.47,3.1,9.48,7.08,-
594,UTTAR PRADESH,JALAUN,-,-,10.83,8.64,9.58,8.36,9.03,9.64,9.73,9.57,8.09,9.01,8.95,10.75,13,10.78,12.25,9.74,10.36,9.87,8.68,8.4,10.11,10.11,10.25,9.77,22.47,31.6,-
595,UTTAR PRADESH,SAHARANPUR,-,-,8.01,7.12,6.34,6.97,7.5,6.2,6.98,9.69,10.17,7.96,7.25,7.88,8.58,7.98,10.22,8.61,9.65,8.63,9.51,9.13,10.09,10.85,10.65,9.54,22.08,16.12,-
596,UTTAR PRADESH,CHITRAKOOT,-,-,11.72,11.42,10.31,11.21,10.21,11.08,9.86,10.8,10.94,12.11,12.31,12.94,15.04,13.87,15.26,11.77,13.56,10.92,8.87,11.38,12.92,10.52,9.93,13.64,12.84,19.85,-
597,UTTARAKHAND,CHAMPAWAT,-,-,-,-,-,-,-,-,-,-,-,22.94,19.39,18.39,15.45,15.13,15.8,9.45,19.91,17.01,22.96,18.67,15.63,15.3,11.58,20.04,12.2,-,-
598,UTTARAKHAND,GARHWAL,-,-,-,-,-,-,-,-,-,-,-,17.3,18.73,19.6,9.4,9.78,9.26,8.72,9.4,12.85,10.86,10.13,10.95,9.78,19.83,21.68,20.22,-,-
599,UTTARAKHAND,UTTARKASHI,-,-,-,-,-,-,-,-,-,-,-,16.97,15.22,16.11,16.32,15.19,16.22,13.48,15.04,19.43,11.61,15.34,14.72,13.63,15.61,12.82,12.64,-,-
600,UTTARAKHAND,HARDWAR,-,-,-,-,-,-,-,-,-,-,-,8.07,7.81,9.87,9.41,9.81,9.68,7.39,9.19,8.72,9.73,9.57,8.55,8.78,8.87,12.27,12.39,-,-
601,UTTARAKHAND,TEHRI GARHWAL,-,-,-,-,-,-,-,-,-,-,-,16.97,15.21,16.4,15.25,15.22,14.94,12.95,13.94,15.78,11.84,15.67,14.98,13.27,16.05,11.99,12.16,-,-
602,UTTARAKHAND,UDHAM SINGH NAGAR,-,-,-,-,-,-,-,-,-,-,-,6.74,5.91,6.11,5.53,5.41,6.38,4.9,6.64,6.12,7.8,5.82,5.53,6.05,8.59,7.53,6.03,-,-
603,UTTARAKHAND,NAINITAL,-,-,-,-,-,-,-,-,-,-,-,30.58,29.9,30.41,21.49,19.05,21.51,18.67,22.77,23.42,24.46,18.66,12.45,13.08,24.55,29.45,26.03,-,-
604,UTTARAKHAND,DEHRADUN,-,-,-,-,-,-,-,-,-,-,-,14.57,13.14,13.48,14.13,13.45,14.49,11.85,13.42,19.14,10.84,13.28,13.05,12.41,12.66,12.52,12.33,-,-
605,UTTARAKHAND,RUDRAPRAYAG,-,-,-,-,-,-,-,-,-,-,-,17.18,16.23,17.39,14.78,15.04,14.38,12.72,13.79,15.53,12.25,15.36,15.29,13.36,18.44,15.44,15.16,-,-
606,UTTARAKHAND,BAGESHWAR,-,-,-,-,-,-,-,-,-,-,-,34.44,33.44,33.67,30,26.79,29.31,25.71,34.57,31.36,34.24,28.03,20.78,20.42,35.19,33.3,27.17,-,-
607,UTTARAKHAND,ALMORA,-,-,-,-,-,-,-,-,-,-,-,33.87,33.77,35.29,23.05,20.79,22.73,20.69,25.1,27.57,27.57,22.17,15.72,16.31,31.83,34.06,29.93,-,-
608,UTTARAKHAND,PITHORAGARH,-,-,-,-,-,-,-,-,-,-,-,24.14,21.31,20.24,16.27,16.06,16.91,11.38,27.28,19.87,30.02,19.35,17.98,16.42,27.26,21.97,14.77,-,-
609,UTTARAKHAND,CHAMOLI,-,-,-,-,-,-,-,-,-,-,-,28.27,29.41,31.81,23.75,21.23,23.2,22.43,24.92,26.79,25.87,22.49,17.01,17.61,29.25,28.98,26.42,-,-
610,WEST BENGAL,BANKURA,-,-,6.92,6.44,5.93,7.76,7.35,6.83,6.95,6.17,6.29,6.21,6.37,6.09,5.83,5.89,6.45,7.02,6.04,6.21,5.65,5.94,7.33,6.36,5.77,5.7,6.46,-,-
611,WEST BENGAL,UTTAR DINAJPUR,-,-,5.16,5.1,4.4,4.74,3.66,4.51,4.06,4.07,4.53,4.73,4.29,5.02,4.5,4.42,4.37,4.14,4.49,4.9,5.07,4.32,5.6,3.93,4.47,4.05,2.15,-,-
612,WEST BENGAL,PURULIYA,-,-,6.3,6.98,5.92,7.65,7.46,6.74,7.21,7.06,6.66,6.82,7.7,7.04,6.69,6.76,8.01,7.94,6.53,6.34,5.6,6.07,7.79,6.37,5.91,5.89,6.22,-,-
613,WEST BENGAL,BARDDHAMAN,-,-,7.65,7.44,6.3,8.23,7.63,6.26,6.89,7.61,7.4,8.81,9.11,8.26,8.08,8.5,9.46,10.5,8.73,10.73,10.25,10.56,8.6,9.12,9.3,10.9,6.69,-,-
614,WEST BENGAL,PASHCHIM MEDINIPUR,-,-,8.17,7.33,6.72,9.68,6.89,8.35,7.42,7.79,8.73,8.56,8.02,8.17,7.53,7.75,9.86,9.87,9.52,11.26,10.25,10.01,10.11,9.28,9.79,8.33,6.21,-,-
615,WEST BENGAL,KOCH BIHAR,-,-,3.25,3.65,3.46,3.47,3.46,3.63,2.64,3.03,3.16,3.56,3.31,3.28,3.41,3.71,3.31,3.49,3.33,3.62,4.08,3.2,3.66,3.38,2.63,2.48,2.63,-,-
616,WEST BENGAL,DAKSHIN DINAJPUR,-,-,7.18,6.83,6.17,7.21,4.47,7.11,5.42,5.88,5.67,6.39,6.61,7.51,7.25,8.05,7.63,7.11,9.83,8.19,8.86,6.88,8.97,5.63,6.84,6.37,2.77,-,-
617,WEST BENGAL,MURSHIDABAD,-,-,6.64,7.18,6.46,7.43,6.55,5.63,6.97,6.63,6.95,7.55,7.98,8.07,7.96,7.83,9.09,8.61,8.82,10.43,10.48,9.34,9.54,8.53,8.46,8.71,3.6,-,-
618,WEST BENGAL,DARJILING,-,-,6.2,6.47,5.04,5.5,5.34,5.97,5.19,5.19,4.78,5.37,5.55,4.6,5.52,4.11,6.41,5.25,4.37,5.36,5.64,5.01,5.72,5.59,4.28,5,1.82,-,-
619,WEST BENGAL,BIRBHUM,-,-,7.15,7.67,6.19,7.35,6.8,7.03,6.8,6.18,7.57,7.18,7.95,7.21,7.64,7.43,9.39,9.01,9.41,10.84,10.16,10.41,8.13,8,9.59,10.5,5.4,-,-
620,WEST BENGAL,JALPAIGURI,-,-,4.52,5.09,5.05,4.91,4.6,5.08,4.13,4.07,3.81,4.28,4.72,4.22,4.61,4.1,4.84,3.75,3.5,4.75,4.36,3.8,4.54,4.96,3.48,3.63,2.27,-,-
621,WEST BENGAL,NORTH 24 PARGANAS,-,-,4.19,4.56,4.26,5.31,4.79,4.77,5.06,4.93,5.15,4.79,4.95,5.21,4.75,5.02,5.82,6.07,6.29,6.36,6.45,6.29,6.43,7.65,6.58,6.45,4.94,-,-
622,WEST BENGAL,HUGLI,-,-,6.93,6.69,6.03,8.88,7.88,7.98,8.14,9.09,10.68,9.75,11.21,11.37,10.33,9.39,10.92,11.33,10.44,11.86,11.2,11.61,10.55,10.8,10.89,11.31,6.56,-,-
623,WEST BENGAL,MALDAH,-,-,7.37,7.56,7,7.32,5.52,7.76,8.44,8.57,8.14,7.11,6.19,7.31,6.78,7.04,7.53,7.42,7.59,8.36,7.19,7.13,7.54,5.63,5.68,5.47,2.65,-,-
624,WEST BENGAL,HAORA,-,-,5.14,5.73,4.97,7.12,6.25,6.84,6.67,6.16,6.35,7.04,7.65,6.62,6.15,6.66,8.19,7.55,7.05,7.03,7.25,7.37,6.5,6.35,4.95,5.86,7.02,-,-
625,WEST BENGAL,NADIA,-,-,5.38,5.5,4.73,5.71,5.2,5.15,4.93,5.29,5.64,5.62,5.96,5.6,5.43,5.7,6.24,5.59,5.3,6.76,5.81,5.39,5.7,5.82,5.38,5.58,3.79,-,-
626,WEST BENGAL,KOLKATA,-,-,6.55,6.74,6.62,7.03,6.33,6.81,8.61,8.32,5.7,5.18,3.18,2.66,2.52,4.1,3.95,3.97,4.2,3.53,3.48,3.72,1.45,1.99,3.98,4.05,6.63,-,-
627,WEST BENGAL,SOUTH 24 PARGANAS,-,-,3.63,3.9,3.98,4.55,5.09,4.71,5.05,6.19,5.02,4.7,4.67,4.88,4.81,5.35,6.19,6.26,6.47,7.07,7.64,7.96,7.99,8.52,9.09,8.72,8.06,-,-
628,WEST BENGAL,PURBA MEDINIPUR,-,-,7.77,6.9,6.53,9.66,7.84,8.56,8.42,8.14,9.24,8.61,8.69,10.11,8.32,9.46,12.07,13.48,10.95,13.96,13.37,13.78,12.56,12.41,14.63,11.3,6.28,-,-
629,,,,,,,,,,,,,,,,,,,,,,,,,,,,,,,
630,,,,,,,,,,,,,,,,,,,,,,,,,,,,,,,
631,,,,,,,,,,,,,,,,,,,,,,,,,,,,,,,
